Month,Value,Measure,Units,Geography,Status
Jan-70,4.08,Price,Pence per litre,K02000001,Finalised
Feb-70,4.09,Price,Pence per litre,K02000001,Finalised
Mar-70,4.07,Price,Pence per litre,K02000001,Finalised
Apr-70,3.73,Price,Pence per litre,K02000001,Finalised
May-70,2.90,Price,Pence per litre,K02000001,Finalised
Jun-70,2.86,Price,Pence per litre,K02000001,Finalised
Jul-70,3.31,Price,Pence per litre,K02000001,Finalised
Aug-70,3.71,Price,Pence per litre,K02000001,Finalised
Sep-70,3.92,Price,Pence per litre,K02000001,Finalised
Oct-70,4.24,Price,Pence per litre,K02000001,Finalised
Nov-70,4.23,Price,Pence per litre,K02000001,Finalised
Dec-70,4.38,Price,Pence per litre,K02000001,Finalised
Jan-71,4.35,Price,Pence per litre,K02000001,Finalised
Feb-71,4.39,Price,Pence per litre,K02000001,Finalised
Mar-71,4.43,Price,Pence per litre,K02000001,Finalised
Apr-71,4.10,Price,Pence per litre,K02000001,Finalised
May-71,3.22,Price,Pence per litre,K02000001,Finalised
Jun-71,3.26,Price,Pence per litre,K02000001,Finalised
Jul-71,3.73,Price,Pence per litre,K02000001,Finalised
Aug-71,4.14,Price,Pence per litre,K02000001,Finalised
Sep-71,4.50,Price,Pence per litre,K02000001,Finalised
Oct-71,4.56,Price,Pence per litre,K02000001,Finalised
Nov-71,4.74,Price,Pence per litre,K02000001,Finalised
Dec-71,4.74,Price,Pence per litre,K02000001,Finalised
Jan-72,4.74,Price,Pence per litre,K02000001,Finalised
Feb-72,4.82,Price,Pence per litre,K02000001,Finalised
Mar-72,4.72,Price,Pence per litre,K02000001,Finalised
Apr-72,4.46,Price,Pence per litre,K02000001,Finalised
May-72,3.59,Price,Pence per litre,K02000001,Finalised
Jun-72,3.57,Price,Pence per litre,K02000001,Finalised
Jul-72,3.91,Price,Pence per litre,K02000001,Finalised
Aug-72,4.30,Price,Pence per litre,K02000001,Finalised
Sep-72,4.65,Price,Pence per litre,K02000001,Finalised
Oct-72,4.67,Price,Pence per litre,K02000001,Finalised
Nov-72,4.74,Price,Pence per litre,K02000001,Finalised
Dec-72,4.76,Price,Pence per litre,K02000001,Finalised
Jan-73,4.78,Price,Pence per litre,K02000001,Finalised
Feb-73,4.81,Price,Pence per litre,K02000001,Finalised
Mar-73,4.75,Price,Pence per litre,K02000001,Finalised
Apr-73,4.66,Price,Pence per litre,K02000001,Finalised
May-73,3.80,Price,Pence per litre,K02000001,Finalised
Jun-73,3.81,Price,Pence per litre,K02000001,Finalised
Jul-73,4.21,Price,Pence per litre,K02000001,Finalised
Aug-73,4.66,Price,Pence per litre,K02000001,Finalised
Sep-73,5.08,Price,Pence per litre,K02000001,Finalised
Oct-73,5.15,Price,Pence per litre,K02000001,Finalised
Nov-73,6.46,Price,Pence per litre,K02000001,Finalised
Dec-73,6.46,Price,Pence per litre,K02000001,Finalised
Jan-74,6.53,Price,Pence per litre,K02000001,Finalised
Feb-74,6.46,Price,Pence per litre,K02000001,Finalised
Mar-74,5.62,Price,Pence per litre,K02000001,Finalised
Apr-74,5.50,Price,Pence per litre,K02000001,Finalised
May-74,4.65,Price,Pence per litre,K02000001,Finalised
Jun-74,4.67,Price,Pence per litre,K02000001,Finalised
Jul-74,5.05,Price,Pence per litre,K02000001,Finalised
Aug-74,5.40,Price,Pence per litre,K02000001,Finalised
Sep-74,5.82,Price,Pence per litre,K02000001,Finalised
Oct-74,7.61,Price,Pence per litre,K02000001,Finalised
Nov-74,7.69,Price,Pence per litre,K02000001,Finalised
Dec-74,7.69,Price,Pence per litre,K02000001,Finalised
Jan-75,7.79,Price,Pence per litre,K02000001,Finalised
Feb-75,7.76,Price,Pence per litre,K02000001,Finalised
Mar-75,7.62,Price,Pence per litre,K02000001,Finalised
Apr-75,7.35,Price,Pence per litre,K02000001,Finalised
May-75,6.47,Price,Pence per litre,K02000001,Finalised
Jun-75,6.47,Price,Pence per litre,K02000001,Finalised
Jul-75,6.84,Price,Pence per litre,K02000001,Finalised
Aug-75,7.27,Price,Pence per litre,K02000001,Finalised
Sep-75,8.85,Price,Pence per litre,K02000001,Finalised
Oct-75,8.61,Price,Pence per litre,K02000001,Finalised
Nov-75,8.69,Price,Pence per litre,K02000001,Finalised
Dec-75,8.74,Price,Pence per litre,K02000001,Finalised
Jan-76,8.80,Price,Pence per litre,K02000001,Finalised
Feb-76,8.76,Price,Pence per litre,K02000001,Finalised
Mar-76,8.63,Price,Pence per litre,K02000001,Finalised
Apr-76,9.06,Price,Pence per litre,K02000001,Finalised
May-76,8.19,Price,Pence per litre,K02000001,Finalised
Jun-76,8.16,Price,Pence per litre,K02000001,Finalised
Jul-76,8.59,Price,Pence per litre,K02000001,Finalised
Aug-76,9.05,Price,Pence per litre,K02000001,Finalised
Sep-76,9.82,Price,Pence per litre,K02000001,Finalised
Oct-76,9.90,Price,Pence per litre,K02000001,Finalised
Nov-76,9.98,Price,Pence per litre,K02000001,Finalised
Dec-76,10.03,Price,Pence per litre,K02000001,Finalised
Jan-77,10.15,Price,Pence per litre,K02000001,Finalised
Feb-77,10.10,Price,Pence per litre,K02000001,Finalised
Mar-77,10.05,Price,Pence per litre,K02000001,Finalised
Apr-77,9.80,Price,Pence per litre,K02000001,Finalised
May-77,8.97,Price,Pence per litre,K02000001,Finalised
Jun-77,8.97,Price,Pence per litre,K02000001,Finalised
Jul-77,9.35,Price,Pence per litre,K02000001,Finalised
Aug-77,9.78,Price,Pence per litre,K02000001,Finalised
Sep-77,10.13,Price,Pence per litre,K02000001,Finalised
Oct-77,10.70,Price,Pence per litre,K02000001,Finalised
Nov-77,10.78,Price,Pence per litre,K02000001,Finalised
Dec-77,10.45,Price,Pence per litre,K02000001,Finalised
Jan-78,10.43,Price,Pence per litre,K02000001,Finalised
Feb-78,10.25,Price,Pence per litre,K02000001,Finalised
Mar-78,10.12,Price,Pence per litre,K02000001,Finalised
Apr-78,10.15,Price,Pence per litre,K02000001,Finalised
May-78,9.44,Price,Pence per litre,K02000001,Finalised
Jun-78,9.45,Price,Pence per litre,K02000001,Finalised
Jul-78,9.79,Price,Pence per litre,K02000001,Finalised
Aug-78,10.22,Price,Pence per litre,K02000001,Finalised
Sep-78,10.59,Price,Pence per litre,K02000001,Finalised
Oct-78,11.16,Price,Pence per litre,K02000001,Finalised
Nov-78,11.26,Price,Pence per litre,K02000001,Finalised
Dec-78,11.24,Price,Pence per litre,K02000001,Finalised
Jan-79,11.29,Price,Pence per litre,K02000001,Finalised
Feb-79,11.25,Price,Pence per litre,K02000001,Finalised
Mar-79,11.12,Price,Pence per litre,K02000001,Finalised
Apr-79,11.05,Price,Pence per litre,K02000001,Finalised
May-79,10.19,Price,Pence per litre,K02000001,Finalised
Jun-79,10.17,Price,Pence per litre,K02000001,Finalised
Jul-79,10.55,Price,Pence per litre,K02000001,Finalised
Aug-79,11.00,Price,Pence per litre,K02000001,Finalised
Sep-79,11.35,Price,Pence per litre,K02000001,Finalised
Oct-79,11.91,Price,Pence per litre,K02000001,Finalised
Nov-79,12.23,Price,Pence per litre,K02000001,Finalised
Dec-79,12.26,Price,Pence per litre,K02000001,Finalised
Jan-80,12.41,Price,Pence per litre,K02000001,Finalised
Feb-80,12.92,Price,Pence per litre,K02000001,Finalised
Mar-80,12.80,Price,Pence per litre,K02000001,Finalised
Apr-80,12.47,Price,Pence per litre,K02000001,Finalised
May-80,11.56,Price,Pence per litre,K02000001,Finalised
Jun-80,11.55,Price,Pence per litre,K02000001,Finalised
Jul-80,11.93,Price,Pence per litre,K02000001,Finalised
Aug-80,12.37,Price,Pence per litre,K02000001,Finalised
Sep-80,12.72,Price,Pence per litre,K02000001,Finalised
Oct-80,13.29,Price,Pence per litre,K02000001,Finalised
Nov-80,13.40,Price,Pence per litre,K02000001,Finalised
Dec-80,13.44,Price,Pence per litre,K02000001,Finalised
Jan-81,13.45,Price,Pence per litre,K02000001,Finalised
Feb-81,13.41,Price,Pence per litre,K02000001,Finalised
Mar-81,13.28,Price,Pence per litre,K02000001,Finalised
Apr-81,13.43,Price,Pence per litre,K02000001,Finalised
May-81,12.60,Price,Pence per litre,K02000001,Finalised
Jun-81,12.59,Price,Pence per litre,K02000001,Finalised
Jul-81,12.97,Price,Pence per litre,K02000001,Finalised
Aug-81,13.40,Price,Pence per litre,K02000001,Finalised
Sep-81,13.75,Price,Pence per litre,K02000001,Finalised
Oct-81,14.32,Price,Pence per litre,K02000001,Finalised
Nov-81,14.42,Price,Pence per litre,K02000001,Finalised
Dec-81,14.46,Price,Pence per litre,K02000001,Finalised
Jan-82,14.48,Price,Pence per litre,K02000001,Finalised
Feb-82,14.43,Price,Pence per litre,K02000001,Finalised
Mar-82,14.30,Price,Pence per litre,K02000001,Finalised
Apr-82,14.41,Price,Pence per litre,K02000001,Finalised
May-82,13.76,Price,Pence per litre,K02000001,Finalised
Jun-82,13.58,Price,Pence per litre,K02000001,Finalised
Jul-82,13.96,Price,Pence per litre,K02000001,Finalised
Aug-82,14.38,Price,Pence per litre,K02000001,Finalised
Sep-82,14.73,Price,Pence per litre,K02000001,Finalised
Oct-82,15.44,Price,Pence per litre,K02000001,Finalised
Nov-82,15.50,Price,Pence per litre,K02000001,Finalised
Dec-82,15.54,Price,Pence per litre,K02000001,Finalised
Jan-83,15.52,Price,Pence per litre,K02000001,Finalised
Feb-83,15.56,Price,Pence per litre,K02000001,Finalised
Mar-83,15.38,Price,Pence per litre,K02000001,Finalised
Apr-83,14.28,Price,Pence per litre,K02000001,Finalised
May-83,13.45,Price,Pence per litre,K02000001,Finalised
Jun-83,13.45,Price,Pence per litre,K02000001,Finalised
Jul-83,13.74,Price,Pence per litre,K02000001,Finalised
Aug-83,14.17,Price,Pence per litre,K02000001,Finalised
Sep-83,14.62,Price,Pence per litre,K02000001,Finalised
Oct-83,15.27,Price,Pence per litre,K02000001,Finalised
Nov-83,15.41,Price,Pence per litre,K02000001,Finalised
Dec-83,15.45,Price,Pence per litre,K02000001,Finalised
Jan-84,15.48,Price,Pence per litre,K02000001,Finalised
Feb-84,15.50,Price,Pence per litre,K02000001,Finalised
Mar-84,15.31,Price,Pence per litre,K02000001,Finalised
Apr-84,13.80,Price,Pence per litre,K02000001,Finalised
May-84,12.17,Price,Pence per litre,K02000001,Finalised
Jun-84,12.33,Price,Pence per litre,K02000001,Finalised
Jul-84,14.27,Price,Pence per litre,K02000001,Finalised
Aug-84,15.41,Price,Pence per litre,K02000001,Finalised
Sep-84,15.94,Price,Pence per litre,K02000001,Finalised
Oct-84,15.80,Price,Pence per litre,K02000001,Finalised
Nov-84,15.48,Price,Pence per litre,K02000001,Finalised
Dec-84,15.32,Price,Pence per litre,K02000001,Finalised
Jan-85,15.36,Price,Pence per litre,K02000001,Finalised
Feb-85,15.36,Price,Pence per litre,K02000001,Finalised
Mar-85,14.98,Price,Pence per litre,K02000001,Finalised
Apr-85,14.28,Price,Pence per litre,K02000001,Finalised
May-85,12.71,Price,Pence per litre,K02000001,Finalised
Jun-85,12.87,Price,Pence per litre,K02000001,Finalised
Jul-85,14.89,Price,Pence per litre,K02000001,Finalised
Aug-85,15.22,Price,Pence per litre,K02000001,Finalised
Sep-85,16.46,Price,Pence per litre,K02000001,Finalised
Oct-85,16.23,Price,Pence per litre,K02000001,Finalised
Nov-85,16.19,Price,Pence per litre,K02000001,Finalised
Dec-85,15.76,Price,Pence per litre,K02000001,Finalised
Jan-86,15.73,Price,Pence per litre,K02000001,Finalised
Feb-86,15.47,Price,Pence per litre,K02000001,Finalised
Mar-86,15.04,Price,Pence per litre,K02000001,Finalised
Apr-86,14.88,Price,Pence per litre,K02000001,Finalised
May-86,13.28,Price,Pence per litre,K02000001,Finalised
Jun-86,13.42,Price,Pence per litre,K02000001,Finalised
Jul-86,15.53,Price,Pence per litre,K02000001,Finalised
Aug-86,16.84,Price,Pence per litre,K02000001,Finalised
Sep-86,17.21,Price,Pence per litre,K02000001,Finalised
Oct-86,16.97,Price,Pence per litre,K02000001,Finalised
Nov-86,16.78,Price,Pence per litre,K02000001,Finalised
Dec-86,16.48,Price,Pence per litre,K02000001,Finalised
Jan-87,16.45,Price,Pence per litre,K02000001,Finalised
Feb-87,16.33,Price,Pence per litre,K02000001,Finalised
Mar-87,16.05,Price,Pence per litre,K02000001,Finalised
Apr-87,15.35,Price,Pence per litre,K02000001,Finalised
May-87,13.89,Price,Pence per litre,K02000001,Finalised
Jun-87,14.13,Price,Pence per litre,K02000001,Finalised
Jul-87,16.22,Price,Pence per litre,K02000001,Finalised
Aug-87,17.33,Price,Pence per litre,K02000001,Finalised
Sep-87,17.74,Price,Pence per litre,K02000001,Finalised
Oct-87,17.45,Price,Pence per litre,K02000001,Finalised
Nov-87,17.06,Price,Pence per litre,K02000001,Finalised
Dec-87,16.97,Price,Pence per litre,K02000001,Finalised
Jan-88,16.75,Price,Pence per litre,K02000001,Finalised
Feb-88,16.72,Price,Pence per litre,K02000001,Finalised
Mar-88,16.52,Price,Pence per litre,K02000001,Finalised
Apr-88,16.68,Price,Pence per litre,K02000001,Finalised
May-88,15.05,Price,Pence per litre,K02000001,Finalised
Jun-88,15.60,Price,Pence per litre,K02000001,Finalised
Jul-88,18.16,Price,Pence per litre,K02000001,Finalised
Aug-88,19.45,Price,Pence per litre,K02000001,Finalised
Sep-88,19.28,Price,Pence per litre,K02000001,Finalised
Oct-88,18.53,Price,Pence per litre,K02000001,Finalised
Nov-88,18.31,Price,Pence per litre,K02000001,Finalised
Dec-88,17.81,Price,Pence per litre,K02000001,Finalised
Jan-89,17.58,Price,Pence per litre,K02000001,Finalised
Feb-89,17.61,Price,Pence per litre,K02000001,Finalised
Mar-89,17.71,Price,Pence per litre,K02000001,Finalised
Apr-89,16.44,Price,Pence per litre,K02000001,Finalised
May-89,14.91,Price,Pence per litre,K02000001,Finalised
Jun-89,15.65,Price,Pence per litre,K02000001,Finalised
Jul-89,20.74,Price,Pence per litre,K02000001,Finalised
Aug-89,22.16,Price,Pence per litre,K02000001,Finalised
Sep-89,21.89,Price,Pence per litre,K02000001,Finalised
Oct-89,21.44,Price,Pence per litre,K02000001,Finalised
Nov-89,18.17,Price,Pence per litre,K02000001,Finalised
Dec-89,18.24,Price,Pence per litre,K02000001,Finalised
Jan-90,18.30,Price,Pence per litre,K02000001,Finalised
Feb-90,18.12,Price,Pence per litre,K02000001,Finalised
Mar-90,17.91,Price,Pence per litre,K02000001,Finalised
Apr-90,16.68,Price,Pence per litre,K02000001,Finalised
May-90,14.89,Price,Pence per litre,K02000001,Finalised
Jun-90,15.57,Price,Pence per litre,K02000001,Finalised
Jul-90,20.83,Price,Pence per litre,K02000001,Finalised
Aug-90,21.98,Price,Pence per litre,K02000001,Finalised
Sep-90,21.76,Price,Pence per litre,K02000001,Finalised
Oct-90,21.20,Price,Pence per litre,K02000001,Finalised
Nov-90,18.18,Price,Pence per litre,K02000001,Finalised
Dec-90,18.13,Price,Pence per litre,K02000001,Finalised
Jan-91,18.98,Price,Pence per litre,K02000001,Finalised
Feb-91,18.95,Price,Pence per litre,K02000001,Finalised
Mar-91,18.43,Price,Pence per litre,K02000001,Finalised
Apr-91,18.04,Price,Pence per litre,K02000001,Finalised
May-91,16.22,Price,Pence per litre,K02000001,Finalised
Jun-91,16.89,Price,Pence per litre,K02000001,Finalised
Jul-91,22.45,Price,Pence per litre,K02000001,Finalised
Aug-91,23.99,Price,Pence per litre,K02000001,Finalised
Sep-91,23.59,Price,Pence per litre,K02000001,Finalised
Oct-91,23.45,Price,Pence per litre,K02000001,Finalised
Nov-91,19.98,Price,Pence per litre,K02000001,Finalised
Dec-91,19.77,Price,Pence per litre,K02000001,Finalised
Jan-92,19.54,Price,Pence per litre,K02000001,Finalised
Feb-92,19.52,Price,Pence per litre,K02000001,Finalised
Mar-92,19.30,Price,Pence per litre,K02000001,Finalised
Apr-92,18.98,Price,Pence per litre,K02000001,Finalised
May-92,17.08,Price,Pence per litre,K02000001,Finalised
Jun-92,17.54,Price,Pence per litre,K02000001,Finalised
Jul-92,23.49,Price,Pence per litre,K02000001,Finalised
Aug-92,25.15,Price,Pence per litre,K02000001,Finalised
Sep-92,25.04,Price,Pence per litre,K02000001,Finalised
Oct-92,24.61,Price,Pence per litre,K02000001,Finalised
Nov-92,21.12,Price,Pence per litre,K02000001,Finalised
Dec-92,20.99,Price,Pence per litre,K02000001,Finalised
Jan-93,20.69,Price,Pence per litre,K02000001,Finalised
Feb-93,20.40,Price,Pence per litre,K02000001,Finalised
Mar-93,20.21,Price,Pence per litre,K02000001,Finalised
Apr-93,20.00,Price,Pence per litre,K02000001,Finalised
May-93,18.10,Price,Pence per litre,K02000001,Finalised
Jun-93,18.54,Price,Pence per litre,K02000001,Finalised
Jul-93,24.54,Price,Pence per litre,K02000001,Finalised
Aug-93,26.21,Price,Pence per litre,K02000001,Finalised
Sep-93,26.05,Price,Pence per litre,K02000001,Finalised
Oct-93,25.60,Price,Pence per litre,K02000001,Finalised
Nov-93,21.92,Price,Pence per litre,K02000001,Finalised
Dec-93,21.53,Price,Pence per litre,K02000001,Finalised
Jan-94,21.04,Price,Pence per litre,K02000001,Finalised
Feb-94,20.79,Price,Pence per litre,K02000001,Finalised
Mar-94,20.61,Price,Pence per litre,K02000001,Finalised
Apr-94,19.31,Price,Pence per litre,K02000001,Finalised
May-94,18.92,Price,Pence per litre,K02000001,Finalised
Jun-94,20.17,Price,Pence per litre,K02000001,Finalised
Jul-94,24.06,Price,Pence per litre,K02000001,Finalised
Aug-94,24.27,Price,Pence per litre,K02000001,Finalised
Sep-94,24.22,Price,Pence per litre,K02000001,Finalised
Oct-94,23.39,Price,Pence per litre,K02000001,Finalised
Nov-94,24.34,Price,Pence per litre,K03000001,Finalised
Dec-94,24.09,Price,Pence per litre,K03000001,Finalised
Jan-95,23.81,Price,Pence per litre,K02000001,Finalised
Feb-95,23.59,Price,Pence per litre,K02000001,Finalised
Mar-95,23.73,Price,Pence per litre,K02000001,Finalised
Apr-95,22.46,Price,Pence per litre,K02000001,Finalised
May-95,22.08,Price,Pence per litre,K02000001,Finalised
Jun-95,23.60,Price,Pence per litre,K02000001,Finalised
Jul-95,26.03,Price,Pence per litre,K02000001,Finalised
Aug-95,26.06,Price,Pence per litre,K02000001,Finalised
Sep-95,26.10,Price,Pence per litre,K02000001,Finalised
Oct-95,26.30,Price,Pence per litre,K02000001,Finalised
Nov-95,25.13,Price,Pence per litre,K02000001,Finalised
Dec-95,25.06,Price,Pence per litre,K02000001,Finalised
Jan-96,24.59,Price,Pence per litre,K02000001,Finalised
Feb-96,24.62,Price,Pence per litre,K02000001,Finalised
Mar-96,24.93,Price,Pence per litre,K02000001,Finalised
Apr-96,23.56,Price,Pence per litre,K02000001,Finalised
May-96,22.66,Price,Pence per litre,K02000001,Finalised
Jun-96,23.83,Price,Pence per litre,K02000001,Finalised
Jul-96,26.69,Price,Pence per litre,K02000001,Finalised
Aug-96,26.87,Price,Pence per litre,K02000001,Finalised
Sep-96,26.60,Price,Pence per litre,K02000001,Finalised
Oct-96,25.62,Price,Pence per litre,K02000001,Finalised
Nov-96,24.64,Price,Pence per litre,K02000001,Finalised
Dec-96,24.43,Price,Pence per litre,K02000001,Finalised
Jan-97,24.10,Price,Pence per litre,K02000001,Finalised
Feb-97,23.73,Price,Pence per litre,K02000001,Finalised
Mar-97,23.68,Price,Pence per litre,K02000001,Finalised
Apr-97,20.50,Price,Pence per litre,K02000001,Finalised
May-97,19.56,Price,Pence per litre,K02000001,Finalised
Jun-97,20.71,Price,Pence per litre,K02000001,Finalised
Jul-97,23.88,Price,Pence per litre,K02000001,Finalised
Aug-97,23.69,Price,Pence per litre,K02000001,Finalised
Sep-97,22.79,Price,Pence per litre,K02000001,Finalised
Oct-97,20.82,Price,Pence per litre,K02000001,Finalised
Nov-97,20.39,Price,Pence per litre,K02000001,Finalised
Dec-97,20.09,Price,Pence per litre,K02000001,Finalised
Jan-98,19.96,Price,Pence per litre,K02000001,Finalised
Feb-98,19.77,Price,Pence per litre,K02000001,Finalised
Mar-98,19.70,Price,Pence per litre,K02000001,Finalised
Apr-98,17.57,Price,Pence per litre,K02000001,Finalised
May-98,16.60,Price,Pence per litre,K02000001,Finalised
Jun-98,17.66,Price,Pence per litre,K02000001,Finalised
Jul-98,20.66,Price,Pence per litre,K02000001,Finalised
Aug-98,20.80,Price,Pence per litre,K02000001,Finalised
Sep-98,19.98,Price,Pence per litre,K02000001,Finalised
Oct-98,20.15,Price,Pence per litre,K02000001,Finalised
Nov-98,19.60,Price,Pence per litre,K02000001,Finalised
Dec-98,19.23,Price,Pence per litre,K02000001,Finalised
Jan-99,19.23,Price,Pence per litre,K02000001,Finalised
Feb-99,18.95,Price,Pence per litre,K02000001,Finalised
Mar-99,18.90,Price,Pence per litre,K02000001,Finalised
Apr-99,17.53,Price,Pence per litre,K02000001,Finalised
May-99,16.38,Price,Pence per litre,K02000001,Finalised
Jun-99,17.20,Price,Pence per litre,K02000001,Finalised
Jul-99,19.76,Price,Pence per litre,K02000001,Finalised
Aug-99,19.80,Price,Pence per litre,K02000001,Finalised
Sep-99,19.14,Price,Pence per litre,K02000001,Finalised
Oct-99,18.09,Price,Pence per litre,K02000001,Finalised
Nov-99,17.66,Price,Pence per litre,K02000001,Finalised
Dec-99,17.33,Price,Pence per litre,K02000001,Finalised
Jan-00,16.77,Price,Pence per litre,K02000001,Finalised
Feb-00,16.59,Price,Pence per litre,K02000001,Finalised
Mar-00,16.61,Price,Pence per litre,K02000001,Finalised
Apr-00,15.26,Price,Pence per litre,K02000001,Finalised
May-00,14.62,Price,Pence per litre,K02000001,Finalised
Jun-00,15.34,Price,Pence per litre,K02000001,Finalised
Jul-00,17.62,Price,Pence per litre,K02000001,Finalised
Aug-00,17.92,Price,Pence per litre,K02000001,Finalised
Sep-00,17.51,Price,Pence per litre,K02000001,Finalised
Oct-00,18.80,Price,Pence per litre,K02000001,Finalised
Nov-00,18.59,Price,Pence per litre,K02000001,Finalised
Dec-00,18.24,Price,Pence per litre,K02000001,Finalised
Jan-01,18.32,Price,Pence per litre,K02000001,Finalised
Feb-01,18.18,Price,Pence per litre,K02000001,Finalised
Mar-01,17.88,Price,Pence per litre,K02000001,Finalised
Apr-01,18.44,Price,Pence per litre,K02000001,Finalised
May-01,17.89,Price,Pence per litre,K02000001,Finalised
Jun-01,18.69,Price,Pence per litre,K02000001,Finalised
Jul-01,20.43,Price,Pence per litre,K02000001,Finalised
Aug-01,20.85,Price,Pence per litre,K02000001,Finalised
Sep-01,20.69,Price,Pence per litre,K02000001,Finalised
Oct-01,20.46,Price,Pence per litre,K02000001,Finalised
Nov-01,20.05,Price,Pence per litre,K02000001,Finalised
Dec-01,19.59,Price,Pence per litre,K02000001,Finalised
Jan-02,18.78,Price,Pence per litre,K02000001,Finalised
Feb-02,18.31,Price,Pence per litre,K02000001,Finalised
Mar-02,18.00,Price,Pence per litre,K02000001,Finalised
Apr-02,15.98,Price,Pence per litre,K02000001,Finalised
May-02,14.85,Price,Pence per litre,K02000001,Finalised
Jun-02,15.32,Price,Pence per litre,K02000001,Finalised
Jul-02,16.40,Price,Pence per litre,K02000001,Finalised
Aug-02,16.73,Price,Pence per litre,K02000001,Finalised
Sep-02,17.11,Price,Pence per litre,K02000001,Finalised
Oct-02,18.13,Price,Pence per litre,K02000001,Finalised
Nov-02,18.09,Price,Pence per litre,K02000001,Finalised
Dec-02,17.74,Price,Pence per litre,K02000001,Finalised
Jan-03,17.67,Price,Pence per litre,K02000001,Finalised
Feb-03,17.65,Price,Pence per litre,K02000001,Finalised
Mar-03,17.37,Price,Pence per litre,K02000001,Finalised
Apr-03,16.84,Price,Pence per litre,K02000001,Finalised
May-03,15.99,Price,Pence per litre,K02000001,Finalised
Jun-03,16.51,Price,Pence per litre,K02000001,Finalised
Jul-03,18.21,Price,Pence per litre,K02000001,Finalised
Aug-03,18.95,Price,Pence per litre,K02000001,Finalised
Sep-03,19.24,Price,Pence per litre,K02000001,Finalised
Oct-03,19.59,Price,Pence per litre,K02000001,Finalised
Nov-03,19.82,Price,Pence per litre,K02000001,Finalised
Dec-03,19.15,Price,Pence per litre,K02000001,Finalised
Jan-04,18.76,Price,Pence per litre,K02000001,Finalised
Feb-04,18.68,Price,Pence per litre,K02000001,Finalised
Mar-04,18.47,Price,Pence per litre,K02000001,Finalised
Apr-04,17.70,Price,Pence per litre,K02000001,Finalised
May-04,16.94,Price,Pence per litre,K02000001,Finalised
Jun-04,17.28,Price,Pence per litre,K02000001,Finalised
Jul-04,18.27,Price,Pence per litre,K02000001,Finalised
Aug-04,18.50,Price,Pence per litre,K02000001,Finalised
Sep-04,19.48,Price,Pence per litre,K02000001,Finalised
Oct-04,19.51,Price,Pence per litre,K02000001,Finalised
Nov-04,19.49,Price,Pence per litre,K02000001,Finalised
Dec-04,18.93,Price,Pence per litre,K02000001,Finalised
Jan-05,18.53,Price,Pence per litre,K02000001,Finalised
Feb-05,18.31,Price,Pence per litre,K02000001,Finalised
Mar-05,18.32,Price,Pence per litre,K02000001,Finalised
Apr-05,17.59,Price,Pence per litre,K02000001,Finalised
May-05,17.11,Price,Pence per litre,K02000001,Finalised
Jun-05,17.30,Price,Pence per litre,K02000001,Finalised
Jul-05,18.06,Price,Pence per litre,K02000001,Finalised
Aug-05,18.64,Price,Pence per litre,K02000001,Finalised
Sep-05,19.46,Price,Pence per litre,K02000001,Finalised
Oct-05,19.71,Price,Pence per litre,K02000001,Finalised
Nov-05,19.76,Price,Pence per litre,K02000001,Finalised
Dec-05,19.26,Price,Pence per litre,K02000001,Finalised
Jan-06,18.65,Price,Pence per litre,K02000001,Finalised
Feb-06,18.34,Price,Pence per litre,K02000001,Finalised
Mar-06,18.11,Price,Pence per litre,K02000001,Finalised
Apr-06,17.34,Price,Pence per litre,K02000001,Finalised
May-06,16.82,Price,Pence per litre,K02000001,Finalised
Jun-06,16.83,Price,Pence per litre,K02000001,Finalised
Jul-06,17.18,Price,Pence per litre,K02000001,Finalised
Aug-06,17.60,Price,Pence per litre,K02000001,Finalised
Sep-06,18.45,Price,Pence per litre,K02000001,Finalised
Oct-06,18.82,Price,Pence per litre,K02000001,Finalised
Nov-06,19.00,Price,Pence per litre,K02000001,Finalised
Dec-06,18.57,Price,Pence per litre,K02000001,Finalised
Jan-07,18.03,Price,Pence per litre,K02000001,Finalised
Feb-07,17.81,Price,Pence per litre,K02000001,Finalised
Mar-07,17.68,Price,Pence per litre,K02000001,Finalised
Apr-07,17.55,Price,Pence per litre,K02000001,Finalised
May-07,17.53,Price,Pence per litre,K02000001,Finalised
Jun-07,18.08,Price,Pence per litre,K02000001,Finalised
Jul-07,19.65,Price,Pence per litre,K02000001,Finalised
Aug-07,20.71,Price,Pence per litre,K02000001,Finalised
Sep-07,23.14,Price,Pence per litre,K02000001,Finalised
Oct-07,26.51,Price,Pence per litre,K02000001,Finalised
Nov-07,27.27,Price,Pence per litre,K02000001,Finalised
Dec-07,26.60,Price,Pence per litre,K02000001,Finalised
Jan-08,25.81,Price,Pence per litre,K02000001,Finalised
Feb-08,25.62,Price,Pence per litre,K02000001,Finalised
Mar-08,25.73,Price,Pence per litre,K02000001,Finalised
Apr-08,24.95,Price,Pence per litre,K02000001,Finalised
May-08,24.49,Price,Pence per litre,K02000001,Finalised
Jun-08,25.00,Price,Pence per litre,K02000001,Finalised
Jul-08,25.82,Price,Pence per litre,K02000001,Finalised
Aug-08,26.29,Price,Pence per litre,K02000001,Finalised
Sep-08,27.00,Price,Pence per litre,K02000001,Finalised
Oct-08,27.36,Price,Pence per litre,K02000001,Finalised
Nov-08,27.08,Price,Pence per litre,K02000001,Finalised
Dec-08,26.36,Price,Pence per litre,K02000001,Finalised
Jan-09,25.56,Price,Pence per litre,K02000001,Finalised
Feb-09,24.68,Price,Pence per litre,K02000001,Finalised
Mar-09,24.37,Price,Pence per litre,K02000001,Finalised
Apr-09,23.25,Price,Pence per litre,K02000001,Finalised
May-09,20.60,Price,Pence per litre,K02000001,Finalised
Jun-09,22.40,Price,Pence per litre,K02000001,Finalised
Jul-09,22.99,Price,Pence per litre,K02000001,Finalised
Aug-09,23.26,Price,Pence per litre,K02000001,Finalised
Sep-09,24.05,Price,Pence per litre,K02000001,Finalised
Oct-09,24.44,Price,Pence per litre,K02000001,Finalised
Nov-09,24.87,Price,Pence per litre,K02000001,Finalised
Dec-09,24.70,Price,Pence per litre,K02000001,Finalised
Jan-10,24.67,Price,Pence per litre,K02000001,Finalised
Feb-10,24.19,Price,Pence per litre,K02000001,Finalised
Mar-10,24.10,Price,Pence per litre,K02000001,Finalised
Apr-10,23.57,Price,Pence per litre,K02000001,Finalised
May-10,23.64,Price,Pence per litre,K02000001,Finalised
Jun-10,23.85,Price,Pence per litre,K02000001,Finalised
Jul-10,24.29,Price,Pence per litre,K02000001,Finalised
Aug-10,24.70,Price,Pence per litre,K02000001,Finalised
Sep-10,25.25,Price,Pence per litre,K02000001,Finalised
Oct-10,25.80,Price,Pence per litre,K02000001,Finalised
Nov-10,26.17,Price,Pence per litre,K02000001,Finalised
Dec-10,25.99,Price,Pence per litre,K02000001,Finalised
Jan-11,25.78,Price,Pence per litre,K02000001,Finalised
Feb-11,26.08,Price,Pence per litre,K02000001,Finalised
Mar-11,26.56,Price,Pence per litre,K02000001,Finalised
Apr-11,26.41,Price,Pence per litre,K02000001,Finalised
May-11,26.38,Price,Pence per litre,K02000001,Finalised
Jun-11,26.62,Price,Pence per litre,K02000001,Finalised
Jul-11,27.21,Price,Pence per litre,K02000001,Finalised
Aug-11,27.59,Price,Pence per litre,K02000001,Finalised
Sep-11,28.13,Price,Pence per litre,K02000001,Finalised
Oct-11,29.09,Price,Pence per litre,K02000001,Finalised
Nov-11,29.45,Price,Pence per litre,K02000001,Finalised
Dec-11,29.33,Price,Pence per litre,K02000001,Finalised
Jan-12,28.97,Price,Pence per litre,K02000001,Finalised
Feb-12,28.93,Price,Pence per litre,K02000001,Finalised
Mar-12,28.65,Price,Pence per litre,K02000001,Finalised
Apr-12,27.83,Price,Pence per litre,K02000001,Finalised
May-12,26.94,Price,Pence per litre,K02000001,Finalised
Jun-12,26.12,Price,Pence per litre,K02000001,Finalised
Jul-12,26.32,Price,Pence per litre,K02000001,Finalised
Aug-12,26.58,Price,Pence per litre,K02000001,Finalised
Sep-12,27.50,Price,Pence per litre,K02000001,Finalised
Oct-12,29.10,Price,Pence per litre,K02000001,Finalised
Nov-12,30.03,Price,Pence per litre,K02000001,Finalised
Dec-12,30.12,Price,Pence per litre,K02000001,Finalised
Jan-13,30.03,Price,Pence per litre,K02000001,Finalised
Feb-13,30.07,Price,Pence per litre,K02000001,Finalised
Mar-13,30.07,Price,Pence per litre,K02000001,Finalised
Apr-13,30.09,Price,Pence per litre,K02000001,Finalised
May-13,29.96,Price,Pence per litre,K02000001,Finalised
Jun-13,30.71,Price,Pence per litre,K02000001,Finalised
Jul-13,31.36,Price,Pence per litre,K02000001,Finalised
Aug-13,32.06,Price,Pence per litre,K02000001,Finalised
Sep-13,32.96,Price,Pence per litre,K02000001,Finalised
Oct-13,33.59,Price,Pence per litre,K02000001,Finalised
Nov-13,34.52,Price,Pence per litre,K02000001,Finalised
Dec-13,34.22,Price,Pence per litre,K02000001,Finalised
Jan-14,33.87,Price,Pence per litre,K02000001,Finalised
Feb-14,33.96,Price,Pence per litre,K02000001,Finalised
Mar-14,33.71,Price,Pence per litre,K02000001,Finalised
Apr-14,33.30,Price,Pence per litre,K02000001,Finalised
May-14,32.28,Price,Pence per litre,K02000001,Finalised
Jun-14,31.72,Price,Pence per litre,K02000001,Finalised
Jul-14,31.60,Price,Pence per litre,K02000001,Finalised
Aug-14,31.13,Price,Pence per litre,K02000001,Finalised
Sep-14,30.79,Price,Pence per litre,K02000001,Finalised
Oct-14,29.75,Price,Pence per litre,K02000001,Finalised
Nov-14,28.83,Price,Pence per litre,K02000001,Finalised
Dec-14,27.68,Price,Pence per litre,K02000001,Finalised
Jan-15,26.46,Price,Pence per litre,K02000001,Finalised
Feb-15,26.06,Price,Pence per litre,K02000001,Finalised
Mar-15,25.05,Price,Pence per litre,K02000001,Finalised
Apr-15,24.69,Price,Pence per litre,K02000001,Finalised
May-15,24.14,Price,Pence per litre,K02000001,Finalised
Jun-15,23.83,Price,Pence per litre,K02000001,Finalised
Jul-15,23.63,Price,Pence per litre,K02000001,Finalised
Aug-15,23.43,Price,Pence per litre,K02000001,Finalised
Sep-15,23.80,Price,Pence per litre,K02000001,Finalised
Oct-15,24.50,Price,Pence per litre,K02000001,Finalised
Nov-15,24.24,Price,Pence per litre,K02000001,Finalised
Dec-15,23.97,Price,Pence per litre,K02000001,Finalised
Jan-16,23.16,Price,Pence per litre,K02000001,Finalised
Feb-16,23.01,Price,Pence per litre,K02000001,Finalised
Mar-16,22.44,Price,Pence per litre,K02000001,Finalised
Apr-16,21.64,Price,Pence per litre,K02000001,Finalised
May-16,20.44,Price,Pence per litre,K02000001,Finalised
Jun-16,19.95,Price,Pence per litre,K02000001,Finalised
Jul-16,20.80,Price,Pence per litre,K02000001,Finalised
Aug-16,21.47,Price,Pence per litre,K02000001,Finalised
Sep-16,22.70,Price,Pence per litre,K02000001,Finalised
Oct-16,24.20,Price,Pence per litre,K02000001,Finalised
Nov-16,25.54,Price,Pence per litre,K02000001,Finalised
Dec-16,26.22,Price,Pence per litre,K02000001,Finalised
Jan-17,26.95,Price,Pence per litre,K02000001,Finalised
Feb-17,27.47,Price,Pence per litre,K02000001,Finalised
Mar-17,27.48,Price,Pence per litre,K02000001,Finalised
Apr-17,26.93,Price,Pence per litre,K02000001,Finalised
May-17,26.77,Price,Pence per litre,K02000001,Finalised
Jun-17,26.76,Price,Pence per litre,K02000001,Finalised
Jul-17,27.88,Price,Pence per litre,K02000001,Finalised
Aug-17,29.07,Price,Pence per litre,K02000001,Finalised
Sep-17,30.45,Price,Pence per litre,K02000001,Finalised
Oct-17,31.81,Price,Pence per litre,K02000001,Finalised
Nov-17,31.95,Price,Pence per litre,K02000001,Finalised
Dec-17,31.62,Price,Pence per litre,K02000001,Finalised
Jan-18,30.36,Price,Pence per litre,K02000001,Finalised
Feb-18,29.41,Price,Pence per litre,K02000001,Finalised
Mar-18,28.49,Price,Pence per litre,K02000001,Finalised
Apr-18,27.40,Price,Pence per litre,K02000001,Finalised
May-18,26.79,Price,Pence per litre,K02000001,Finalised
Jun-18,27.18,Price,Pence per litre,K02000001,Finalised
Jul-18,28.55,Price,Pence per litre,K02000001,Finalised
Aug-18,29.67,Price,Pence per litre,K02000001,Finalised
Sep-18,30.60,Price,Pence per litre,K02000001,Finalised
Oct-18,31.44,Price,Pence per litre,K02000001,Finalised
Nov-18,31.60,Price,Pence per litre,K02000001,Finalised
Dec-18,30.42,Price,Pence per litre,K02000001,Finalised
Jan-19,29.61,Price,Pence per litre,K02000001,Finalised
Feb-19,29.35,Price,Pence per litre,K02000001,Finalised
Mar-19,28.91,Price,Pence per litre,K02000001,Finalised
Apr-19,28.23,Price,Pence per litre,K02000001,Finalised
May-19,27.84,Price,Pence per litre,K02000001,Finalised
Jun-19,27.99,Price,Pence per litre,K02000001,Finalised
Jul-19,28.37,Price,Pence per litre,K02000001,Finalised
Aug-19,28.62,Price,Pence per litre,K02000001,Finalised
Sep-19,29.21,Price,Pence per litre,K02000001,Finalised
Oct-19,29.40,Price,Pence per litre,K02000001,Finalised
Nov-19,29.87,Price,Pence per litre,K02000001,Finalised
Dec-19,29.41,Price,Pence per litre,K02000001,Finalised
Jan-20,28.82,Price,Pence per litre,K02000001,Finalised
Feb-20,28.71,Price,Pence per litre,K02000001,Finalised
Mar-20,28.57,Price,Pence per litre,K02000001,Finalised
Apr-20,27.35,Price,Pence per litre,K02000001,Finalised
May-20,26.68,Price,Pence per litre,K02000001,Finalised
Jun-20,26.89,Price,Pence per litre,K02000001,Provisional
Nov-94,1102,Volume,Million litres,K03000001,Finalised
Dec-94,1131,Volume,Million litres,K03000001,Finalised
Jan-95,1114,Volume,Million litres,K02000001,Finalised
Feb-95,989,Volume,Million litres,K02000001,Finalised
Mar-95,1077,Volume,Million litres,K02000001,Finalised
Apr-95,1177,Volume,Million litres,K02000001,Finalised
May-95,1305,Volume,Million litres,K02000001,Finalised
Jun-95,1195,Volume,Million litres,K02000001,Finalised
Jul-95,1154,Volume,Million litres,K02000001,Finalised
Aug-95,1109,Volume,Million litres,K02000001,Finalised
Sep-95,1080,Volume,Million litres,K02000001,Finalised
Oct-95,1163,Volume,Million litres,K02000001,Finalised
Nov-95,1129,Volume,Million litres,K02000001,Finalised
Dec-95,1177,Volume,Million litres,K02000001,Finalised
Jan-96,1200,Volume,Million litres,K02000001,Finalised
Feb-96,1074,Volume,Million litres,K02000001,Finalised
Mar-96,1101,Volume,Million litres,K02000001,Finalised
Apr-96,1191,Volume,Million litres,K02000001,Finalised
May-96,1310,Volume,Million litres,K02000001,Finalised
Jun-96,1217,Volume,Million litres,K02000001,Finalised
Jul-96,1156,Volume,Million litres,K02000001,Finalised
Aug-96,1113,Volume,Million litres,K02000001,Finalised
Sep-96,1078,Volume,Million litres,K02000001,Finalised
Oct-96,"1,076",Volume,Million litres,K02000001,Finalised
Nov-96,"1,030",Volume,Million litres,K02000001,Finalised
Dec-96,"1,106",Volume,Million litres,K02000001,Finalised
Jan-97,"1,148",Volume,Million litres,K02000001,Finalised
Feb-97,"1,064",Volume,Million litres,K02000001,Finalised
Mar-97,"1,200",Volume,Million litres,K02000001,Finalised
Apr-97,"1,257",Volume,Million litres,K02000001,Finalised
May-97,"1,317",Volume,Million litres,K02000001,Finalised
Jun-97,"1,198",Volume,Million litres,K02000001,Finalised
Jul-97,"1,164",Volume,Million litres,K02000001,Finalised
Aug-97,"1,123",Volume,Million litres,K02000001,Finalised
Sep-97,"1,070",Volume,Million litres,K02000001,Finalised
Oct-97,"1,101",Volume,Million litres,K02000001,Finalised
Nov-97,"1,066",Volume,Million litres,K02000001,Finalised
Dec-97,"1,140",Volume,Million litres,K02000001,Finalised
Jan-98,"1,167",Volume,Million litres,K02000001,Finalised
Feb-98,"1,060",Volume,Million litres,K02000001,Finalised
Mar-98,"1,165",Volume,Million litres,K02000001,Finalised
Apr-98,"1,177",Volume,Million litres,K02000001,Finalised
May-98,"1,290",Volume,Million litres,K02000001,Finalised
Jun-98,"1,173",Volume,Million litres,K02000001,Finalised
Jul-98,"1,163",Volume,Million litres,K02000001,Finalised
Aug-98,"1,131",Volume,Million litres,K02000001,Finalised
Sep-98,"1,073",Volume,Million litres,K02000001,Finalised
Oct-98,"1,092",Volume,Million litres,K02000001,Finalised
Nov-98,"1,039",Volume,Million litres,K02000001,Finalised
Dec-98,"1,127",Volume,Million litres,K02000001,Finalised
Jan-99,"1,170",Volume,Million litres,K02000001,Finalised
Feb-99,"1,080",Volume,Million litres,K02000001,Finalised
Mar-99,"1,232",Volume,Million litres,K02000001,Finalised
Apr-99,"1,242",Volume,Million litres,K02000001,Finalised
May-99,"1,339",Volume,Million litres,K02000001,Finalised
Jun-99,"1,215",Volume,Million litres,K02000001,Finalised
Jul-99,"1,212",Volume,Million litres,K02000001,Finalised
Aug-99,"1,161",Volume,Million litres,K02000001,Finalised
Sep-99,"1,105",Volume,Million litres,K02000001,Finalised
Oct-99,"1,102",Volume,Million litres,K02000001,Finalised
Nov-99,"1,062",Volume,Million litres,K02000001,Finalised
Dec-99,"1,119",Volume,Million litres,K02000001,Finalised
Jan-00,"1,149",Volume,Million litres,K02000001,Finalised
Feb-00,"1,076",Volume,Million litres,K02000001,Finalised
Mar-00,"1,148",Volume,Million litres,K02000001,Finalised
Apr-00,"1,177",Volume,Million litres,K02000001,Finalised
May-00,"1,292",Volume,Million litres,K02000001,Finalised
Jun-00,"1,169",Volume,Million litres,K02000001,Finalised
Jul-00,"1,175",Volume,Million litres,K02000001,Finalised
Aug-00,"1,133",Volume,Million litres,K02000001,Finalised
Sep-00,"1,058",Volume,Million litres,K02000001,Finalised
Oct-00,"1,043",Volume,Million litres,K02000001,Finalised
Nov-00,"1,006",Volume,Million litres,K02000001,Finalised
Dec-00,"1,103",Volume,Million litres,K02000001,Finalised
Jan-01,"1,142",Volume,Million litres,K02000001,Finalised
Feb-01,"1,062",Volume,Million litres,K02000001,Finalised
Mar-01,"1,191",Volume,Million litres,K02000001,Finalised
Apr-01,"1,168",Volume,Million litres,K02000001,Finalised
May-01,"1,304",Volume,Million litres,K02000001,Finalised
Jun-01,"1,220",Volume,Million litres,K02000001,Finalised
Jul-01,"1,187",Volume,Million litres,K02000001,Finalised
Aug-01,"1,136",Volume,Million litres,K02000001,Finalised
Sep-01,"1,061",Volume,Million litres,K02000001,Finalised
Oct-01,"1,074",Volume,Million litres,K02000001,Finalised
Nov-01,"1,064",Volume,Million litres,K02000001,Finalised
Dec-01,"1,137",Volume,Million litres,K02000001,Finalised
Jan-02,"1,175",Volume,Million litres,K02000001,Finalised
Feb-02,"1,084",Volume,Million litres,K02000001,Finalised
Mar-02,"1,229",Volume,Million litres,K02000001,Finalised
Apr-02,"1,273",Volume,Million litres,K02000001,Finalised
May-02,"1,354",Volume,Million litres,K02000001,Finalised
Jun-02,"1,215",Volume,Million litres,K02000001,Finalised
Jul-02,"1,199",Volume,Million litres,K02000001,Finalised
Aug-02,"1,139",Volume,Million litres,K02000001,Finalised
Sep-02,"1,071",Volume,Million litres,K02000001,Finalised
Oct-02,"1,076",Volume,Million litres,K02000001,Finalised
Nov-02,"1,025",Volume,Million litres,K02000001,Finalised
Dec-02,"1,105",Volume,Million litres,K02000001,Finalised
Jan-03,"1,141",Volume,Million litres,K02000001,Finalised
Feb-03,"1,049",Volume,Million litres,K02000001,Finalised
Mar-03,"1,214",Volume,Million litres,K02000001,Finalised
Apr-03,"1,271",Volume,Million litres,K02000001,Finalised
May-03,"1,367",Volume,Million litres,K02000001,Finalised
Jun-03,"1,266",Volume,Million litres,K02000001,Finalised
Jul-03,"1,232",Volume,Million litres,K02000001,Finalised
Aug-03,"1,181",Volume,Million litres,K02000001,Finalised
Sep-03,"1,101",Volume,Million litres,K02000001,Finalised
Oct-03,"1,116",Volume,Million litres,K02000001,Finalised
Nov-03,"1,071",Volume,Million litres,K02000001,Finalised
Dec-03,"1,127",Volume,Million litres,K02000001,Finalised
Jan-04,"1,127",Volume,Million litres,K02000001,Finalised
Feb-04,"1,054",Volume,Million litres,K02000001,Finalised
Mar-04,"1,152",Volume,Million litres,K02000001,Finalised
Apr-04,"1,209",Volume,Million litres,K02000001,Finalised
May-04,"1,306",Volume,Million litres,K02000001,Finalised
Jun-04,"1,208",Volume,Million litres,K02000001,Finalised
Jul-04,"1,203",Volume,Million litres,K02000001,Finalised
Aug-04,"1,143",Volume,Million litres,K02000001,Finalised
Sep-04,"1,074",Volume,Million litres,K02000001,Finalised
Oct-04,"1,074",Volume,Million litres,K02000001,Finalised
Nov-04,"1,045",Volume,Million litres,K02000001,Finalised
Dec-04,"1,115",Volume,Million litres,K02000001,Finalised
Jan-05,"1,142",Volume,Million litres,K02000001,Finalised
Feb-05,"1,051",Volume,Million litres,K02000001,Finalised
Mar-05,"1,198",Volume,Million litres,K02000001,Finalised
Apr-05,"1,206",Volume,Million litres,K02000001,Finalised
May-05,"1,279",Volume,Million litres,K02000001,Finalised
Jun-05,"1,187",Volume,Million litres,K02000001,Finalised
Jul-05,"1,163",Volume,Million litres,K02000001,Finalised
Aug-05,"1,136",Volume,Million litres,K02000001,Finalised
Sep-05,"1,067",Volume,Million litres,K02000001,Finalised
Oct-05,"1,077",Volume,Million litres,K02000001,Finalised
Nov-05,"1,030",Volume,Million litres,K02000001,Finalised
Dec-05,"1,098",Volume,Million litres,K02000001,Finalised
Jan-06,"1,134",Volume,Million litres,K02000001,Finalised
Feb-06,"1,045",Volume,Million litres,K02000001,Finalised
Mar-06,"1,178",Volume,Million litres,K02000001,Finalised
Apr-06,"1,191",Volume,Million litres,K02000001,Finalised
May-06,"1,275",Volume,Million litres,K02000001,Finalised
Jun-06,"1,178",Volume,Million litres,K02000001,Finalised
Jul-06,"1,155",Volume,Million litres,K02000001,Finalised
Aug-06,"1,103",Volume,Million litres,K02000001,Finalised
Sep-06,"1,059",Volume,Million litres,K02000001,Finalised
Oct-06,"1,072",Volume,Million litres,K02000001,Finalised
Nov-06,"1,032",Volume,Million litres,K02000001,Finalised
Dec-06,"1,095",Volume,Million litres,K02000001,Finalised
Jan-07,"1,130",Volume,Million litres,K02000001,Finalised
Feb-07,"1,020",Volume,Million litres,K02000001,Finalised
Mar-07,"1,170",Volume,Million litres,K02000001,Finalised
Apr-07,"1,204",Volume,Million litres,K02000001,Finalised
May-07,"1,258",Volume,Million litres,K02000001,Finalised
Jun-07,"1,147",Volume,Million litres,K02000001,Finalised
Jul-07,"1,098",Volume,Million litres,K02000001,Finalised
Aug-07,"1,074",Volume,Million litres,K02000001,Finalised
Sep-07,"1,027",Volume,Million litres,K02000001,Finalised
Oct-07,"1,042",Volume,Million litres,K02000001,Finalised
Nov-07,"1,014",Volume,Million litres,K02000001,Finalised
Dec-07,"1,069",Volume,Million litres,K02000001,Finalised
Jan-08,"1,101",Volume,Million litres,K02000001,Finalised
Feb-08,"1,044",Volume,Million litres,K02000001,Finalised
Mar-08,"1,137",Volume,Million litres,K02000001,Finalised
Apr-08,"1,139",Volume,Million litres,K02000001,Finalised
May-08,"1,226",Volume,Million litres,K02000001,Finalised
Jun-08,"1,127",Volume,Million litres,K02000001,Finalised
Jul-08,"1,115",Volume,Million litres,K02000001,Finalised
Aug-08,"1,057",Volume,Million litres,K02000001,Finalised
Sep-08,973,Volume,Million litres,K02000001,Finalised
Oct-08,"1,015",Volume,Million litres,K02000001,Finalised
Nov-08,983,Volume,Million litres,K02000001,Finalised
Dec-08,"1,048",Volume,Million litres,K02000001,Finalised
Jan-09,"1,071",Volume,Million litres,K02000001,Finalised
Feb-09,981,Volume,Million litres,K02000001,Finalised
Mar-09,"1,122",Volume,Million litres,K02000001,Finalised
Apr-09,"1,144",Volume,Million litres,K02000001,Finalised
May-09,"1,203",Volume,Million litres,K02000001,Finalised
Jun-09,"1,130",Volume,Million litres,K02000001,Finalised
Jul-09,"1,101",Volume,Million litres,K02000001,Finalised
Aug-09,"1,053",Volume,Million litres,K02000001,Finalised
Sep-09,994,Volume,Million litres,K02000001,Finalised
Oct-09,"1,024",Volume,Million litres,K02000001,Finalised
Nov-09,985,Volume,Million litres,K02000001,Finalised
Dec-09,"1,047",Volume,Million litres,K02000001,Finalised
Jan-10,"1,051",Volume,Million litres,K02000001,Finalised
Feb-10,978,Volume,Million litres,K02000001,Finalised
Mar-10,"1,116",Volume,Million litres,K02000001,Finalised
Apr-10,"1,133",Volume,Million litres,K02000001,Finalised
May-10,"1,243",Volume,Million litres,K02000001,Finalised
Jun-10,"1,179",Volume,Million litres,K02000001,Finalised
Jul-10,"1,141",Volume,Million litres,K02000001,Finalised
Aug-10,"1,109",Volume,Million litres,K02000001,Finalised
Sep-10,"1,065",Volume,Million litres,K02000001,Finalised
Oct-10,"1,076",Volume,Million litres,K02000001,Finalised
Nov-10,"1,028",Volume,Million litres,K02000001,Finalised
Dec-10,"1,072",Volume,Million litres,K02000001,Finalised
Jan-11,"1,096",Volume,Million litres,K02000001,Finalised
Feb-11,"1,023",Volume,Million litres,K02000001,Finalised
Mar-11,"1,167",Volume,Million litres,K02000001,Finalised
Apr-11,"1,191",Volume,Million litres,K02000001,Finalised
May-11,"1,253",Volume,Million litres,K02000001,Finalised
Jun-11,"1,172",Volume,Million litres,K02000001,Finalised
Jul-11,"1,161",Volume,Million litres,K02000001,Finalised
Aug-11,"1,105",Volume,Million litres,K02000001,Finalised
Sep-11,"1,042",Volume,Million litres,K02000001,Finalised
Oct-11,"1,062",Volume,Million litres,K02000001,Finalised
Nov-11,"1,035",Volume,Million litres,K02000001,Finalised
Dec-11,"1,098",Volume,Million litres,K02000001,Finalised
Jan-12,"1,118",Volume,Million litres,K02000001,Finalised
Feb-12,"1,057",Volume,Million litres,K02000001,Finalised
Mar-12,"1,198",Volume,Million litres,K02000001,Finalised
Apr-12,"1,204",Volume,Million litres,K02000001,Finalised
May-12,"1,252",Volume,Million litres,K02000001,Finalised
Jun-12,"1,186",Volume,Million litres,K02000001,Finalised
Jul-12,"1,116",Volume,Million litres,K02000001,Finalised
Aug-12,"1,063",Volume,Million litres,K02000001,Finalised
Sep-12,997,Volume,Million litres,K02000001,Finalised
Oct-12,994,Volume,Million litres,K02000001,Finalised
Nov-12,974,Volume,Million litres,K02000001,Finalised
Dec-12,"1,039",Volume,Million litres,K02000001,Finalised
Jan-13,"1,059",Volume,Million litres,K02000001,Finalised
Feb-13,978,Volume,Million litres,K02000001,Finalised
Mar-13,1112,Volume,Million litres,K02000001,Finalised
Apr-13,1112,Volume,Million litres,K02000001,Finalised
May-13,1234,Volume,Million litres,K02000001,Finalised
Jun-13,1177,Volume,Million litres,K02000001,Finalised
Jul-13,1144,Volume,Million litres,K02000001,Finalised
Aug-13,1116,Volume,Million litres,K02000001,Finalised
Sep-13,1063,Volume,Million litres,K02000001,Finalised
Oct-13,1088,Volume,Million litres,K02000001,Finalised
Nov-13,1067,Volume,Million litres,K02000001,Finalised
Dec-13,1144,Volume,Million litres,K02000001,Finalised
Jan-14,1179,Volume,Million litres,K02000001,Finalised
Feb-14,1099,Volume,Million litres,K02000001,Finalised
Mar-14,1257,Volume,Million litres,K02000001,Finalised
Apr-14,1279,Volume,Million litres,K02000001,Finalised
May-14,1333,Volume,Million litres,K02000001,Finalised
Jun-14,1241,Volume,Million litres,K02000001,Finalised
Jul-14,1225,Volume,Million litres,K02000001,Finalised
Aug-14,1178,Volume,Million litres,K02000001,Finalised
Sep-14,1147,Volume,Million litres,K02000001,Finalised
Oct-14,1157,Volume,Million litres,K02000001,Finalised
Nov-14,1120,Volume,Million litres,K02000001,Finalised
Dec-14,1156,Volume,Million litres,K02000001,Finalised
Jan-15,1194,Volume,Million litres,K02000001,Finalised
Feb-15,1101,Volume,Million litres,K02000001,Finalised
Mar-15,1262,Volume,Million litres,K02000001,Finalised
Apr-15,1293,Volume,Million litres,K02000001,Finalised
May-15,1380,Volume,Million litres,K02000001,Finalised
Jun-15,1302,Volume,Million litres,K02000001,Finalised
Jul-15,1267,Volume,Million litres,K02000001,Finalised
Aug-15,1211,Volume,Million litres,K02000001,Finalised
Sep-15,1166,Volume,Million litres,K02000001,Finalised
Oct-15,1204,Volume,Million litres,K02000001,Finalised
Nov-15,1164,Volume,Million litres,K02000001,Finalised
Dec-15,1210,Volume,Million litres,K02000001,Finalised
Jan-16,1225,Volume,Million litres,K02000001,Finalised
Feb-16,1148,Volume,Million litres,K02000001,Finalised
Mar-16,1260,Volume,Million litres,K02000001,Finalised
Apr-16,1251,Volume,Million litres,K02000001,Finalised
May-16,1321,Volume,Million litres,K02000001,Finalised
Jun-16,1208,Volume,Million litres,K02000001,Finalised
Jul-16,1165,Volume,Million litres,K02000001,Finalised
Aug-16,1126,Volume,Million litres,K02000001,Finalised
Sep-16,1078,Volume,Million litres,K02000001,Finalised
Oct-16,1109,Volume,Million litres,K02000001,Finalised
Nov-16,1078,Volume,Million litres,K02000001,Finalised
Dec-16,1154,Volume,Million litres,K02000001,Finalised
Jan-17,1216,Volume,Million litres,K02000001,Finalised
Feb-17,1118,Volume,Million litres,K02000001,Finalised
Mar-17,1284,Volume,Million litres,K02000001,Finalised
Apr-17,1297,Volume,Million litres,K02000001,Finalised
May-17,1363,Volume,Million litres,K02000001,Finalised
Jun-17,1266,Volume,Million litres,K02000001,Finalised
Jul-17,1222,Volume,Million litres,K02000001,Finalised
Aug-17,1205,Volume,Million litres,K02000001,Finalised
Sep-17,1156,Volume,Million litres,K02000001,Finalised
Oct-17,1191,Volume,Million litres,K02000001,Finalised
Nov-17,1171,Volume,Million litres,K02000001,Finalised
Dec-17,1219,Volume,Million litres,K02000001,Finalised
Jan-18,1234,Volume,Million litres,K02000001,Finalised
Feb-18,1127,Volume,Million litres,K02000001,Finalised
Mar-18,1268,Volume,Million litres,K02000001,Finalised
Apr-18,1285,Volume,Million litres,K02000001,Finalised
May-18,1372,Volume,Million litres,K02000001,Finalised
Jun-18,1269,Volume,Million litres,K02000001,Finalised
Jul-18,1230,Volume,Million litres,K02000001,Finalised
Aug-18,1196,Volume,Million litres,K02000001,Finalised
Sep-18,1154,Volume,Million litres,K02000001,Finalised
Oct-18,1200,Volume,Million litres,K02000001,Finalised
Nov-18,1174,Volume,Million litres,K02000001,Finalised
Dec-18,1241,Volume,Million litres,K02000001,Finalised
Jan-19,1266,Volume,Million litres,K02000001,Finalised
Feb-19,1156,Volume,Million litres,K02000001,Finalised
Mar-19,1329,Volume,Million litres,K02000001,Finalised
Apr-19,1339,Volume,Million litres,K02000001,Finalised
May-19,1395,Volume,Million litres,K02000001,Finalised
Jun-19,1288,Volume,Million litres,K02000001,Finalised
Jul-19,1266,Volume,Million litres,K02000001,Finalised
Aug-19,1206,Volume,Million litres,K02000001,Finalised
Sep-19,1157,Volume,Million litres,K02000001,Finalised
Oct-19,1192,Volume,Million litres,K02000001,Finalised
Nov-19,1163,Volume,Million litres,K02000001,Finalised
Dec-19,1226,Volume,Million litres,K02000001,Finalised
Jan-20,1246,Volume,Million litres,K02000001,Finalised
Feb-20,1179,Volume,Million litres,K02000001,Finalised
Mar-20,1305,Volume,Million litres,K02000001,Finalised
Apr-20,1326,Volume,Million litres,K02000001,Finalised
May-20,1382,Volume,Million litres,K02000001,Finalised
Jun-20,1290,Volume,Million litres,K02000001,Provisional
Apr-94,4.08,Butterfat,Percentage,K02000001,Finalised
May-94,3.96,Butterfat,Percentage,K02000001,Finalised
Jun-94,3.89,Butterfat,Percentage,K02000001,Finalised
Jul-94,3.96,Butterfat,Percentage,K02000001,Finalised
Aug-94,4.01,Butterfat,Percentage,K02000001,Finalised
Sep-94,4.19,Butterfat,Percentage,K02000001,Finalised
Oct-94,4.23,Butterfat,Percentage,K02000001,Finalised
Nov-94,4.15,Butterfat,Percentage,K03000001,Finalised
Dec-94,4.12,Butterfat,Percentage,K03000001,Finalised
Jan-95,4.14,Butterfat,Percentage,K02000001,Finalised
Feb-95,4.08,Butterfat,Percentage,K02000001,Finalised
Mar-95,4.12,Butterfat,Percentage,K02000001,Finalised
Apr-95,4.07,Butterfat,Percentage,K02000001,Finalised
May-95,3.92,Butterfat,Percentage,K02000001,Finalised
Jun-95,3.95,Butterfat,Percentage,K02000001,Finalised
Jul-95,3.92,Butterfat,Percentage,K02000001,Finalised
Aug-95,3.92,Butterfat,Percentage,K02000001,Finalised
Sep-95,4.07,Butterfat,Percentage,K02000001,Finalised
Oct-95,4.15,Butterfat,Percentage,K02000001,Finalised
Nov-95,4.17,Butterfat,Percentage,K02000001,Finalised
Dec-95,4.15,Butterfat,Percentage,K02000001,Finalised
Jan-96,4.11,Butterfat,Percentage,K02000001,Finalised
Feb-96,4.13,Butterfat,Percentage,K02000001,Finalised
Mar-96,4.13,Butterfat,Percentage,K02000001,Finalised
Apr-96,4.09,Butterfat,Percentage,K02000001,Finalised
May-96,3.98,Butterfat,Percentage,K02000001,Finalised
Jun-96,3.94,Butterfat,Percentage,K02000001,Finalised
Jul-96,3.97,Butterfat,Percentage,K02000001,Finalised
Aug-96,4.03,Butterfat,Percentage,K02000001,Finalised
Sep-96,4.07,Butterfat,Percentage,K02000001,Finalised
Oct-96,4.17,Butterfat,Percentage,K02000001,Finalised
Nov-96,4.19,Butterfat,Percentage,K02000001,Finalised
Dec-96,4.22,Butterfat,Percentage,K02000001,Finalised
Jan-97,4.17,Butterfat,Percentage,K02000001,Finalised
Feb-97,4.12,Butterfat,Percentage,K02000001,Finalised
Mar-97,4.08,Butterfat,Percentage,K02000001,Finalised
Apr-97,4.06,Butterfat,Percentage,K02000001,Finalised
May-97,4.00,Butterfat,Percentage,K02000001,Finalised
Jun-97,3.98,Butterfat,Percentage,K02000001,Finalised
Jul-97,3.97,Butterfat,Percentage,K02000001,Finalised
Aug-97,3.97,Butterfat,Percentage,K02000001,Finalised
Sep-97,4.06,Butterfat,Percentage,K02000001,Finalised
Oct-97,4.16,Butterfat,Percentage,K02000001,Finalised
Nov-97,4.17,Butterfat,Percentage,K02000001,Finalised
Dec-97,4.13,Butterfat,Percentage,K02000001,Finalised
Jan-98,4.12,Butterfat,Percentage,K02000001,Finalised
Feb-98,4.09,Butterfat,Percentage,K02000001,Finalised
Mar-98,4.10,Butterfat,Percentage,K02000001,Finalised
Apr-98,4.14,Butterfat,Percentage,K02000001,Finalised
May-98,3.99,Butterfat,Percentage,K02000001,Finalised
Jun-98,4.00,Butterfat,Percentage,K02000001,Finalised
Jul-98,3.95,Butterfat,Percentage,K02000001,Finalised
Aug-98,3.97,Butterfat,Percentage,K02000001,Finalised
Sep-98,4.07,Butterfat,Percentage,K02000001,Finalised
Oct-98,4.15,Butterfat,Percentage,K02000001,Finalised
Nov-98,4.15,Butterfat,Percentage,K02000001,Finalised
Dec-98,4.12,Butterfat,Percentage,K02000001,Finalised
Jan-99,4.08,Butterfat,Percentage,K02000001,Finalised
Feb-99,4.07,Butterfat,Percentage,K02000001,Finalised
Mar-99,4.06,Butterfat,Percentage,K02000001,Finalised
Apr-99,4.06,Butterfat,Percentage,K02000001,Finalised
May-99,3.92,Butterfat,Percentage,K02000001,Finalised
Jun-99,3.90,Butterfat,Percentage,K02000001,Finalised
Jul-99,3.88,Butterfat,Percentage,K02000001,Finalised
Aug-99,3.94,Butterfat,Percentage,K02000001,Finalised
Sep-99,4.02,Butterfat,Percentage,K02000001,Finalised
Oct-99,4.15,Butterfat,Percentage,K02000001,Finalised
Nov-99,4.17,Butterfat,Percentage,K02000001,Finalised
Dec-99,4.14,Butterfat,Percentage,K02000001,Finalised
Jan-00,4.08,Butterfat,Percentage,K02000001,Finalised
Feb-00,4.04,Butterfat,Percentage,K02000001,Finalised
Mar-00,4.03,Butterfat,Percentage,K02000001,Finalised
Apr-00,4.06,Butterfat,Percentage,K02000001,Finalised
May-00,3.91,Butterfat,Percentage,K02000001,Finalised
Jun-00,3.90,Butterfat,Percentage,K02000001,Finalised
Jul-00,3.86,Butterfat,Percentage,K02000001,Finalised
Aug-00,3.92,Butterfat,Percentage,K02000001,Finalised
Sep-00,4.04,Butterfat,Percentage,K02000001,Finalised
Oct-00,4.15,Butterfat,Percentage,K02000001,Finalised
Nov-00,4.16,Butterfat,Percentage,K02000001,Finalised
Dec-00,4.08,Butterfat,Percentage,K02000001,Finalised
Jan-01,4.06,Butterfat,Percentage,K02000001,Finalised
Feb-01,4.02,Butterfat,Percentage,K02000001,Finalised
Mar-01,4.06,Butterfat,Percentage,K02000001,Finalised
Apr-01,4.05,Butterfat,Percentage,K02000001,Finalised
May-01,3.85,Butterfat,Percentage,K02000001,Finalised
Jun-01,3.84,Butterfat,Percentage,K02000001,Finalised
Jul-01,3.86,Butterfat,Percentage,K02000001,Finalised
Aug-01,3.90,Butterfat,Percentage,K02000001,Finalised
Sep-01,4.01,Butterfat,Percentage,K02000001,Finalised
Oct-01,4.11,Butterfat,Percentage,K02000001,Finalised
Nov-01,4.12,Butterfat,Percentage,K02000001,Finalised
Dec-01,4.11,Butterfat,Percentage,K02000001,Finalised
Jan-02,4.07,Butterfat,Percentage,K02000001,Finalised
Feb-02,4.03,Butterfat,Percentage,K02000001,Finalised
Mar-02,4.05,Butterfat,Percentage,K02000001,Finalised
Apr-02,3.99,Butterfat,Percentage,K02000001,Finalised
May-02,3.89,Butterfat,Percentage,K02000001,Finalised
Jun-02,3.89,Butterfat,Percentage,K02000001,Finalised
Jul-02,3.84,Butterfat,Percentage,K02000001,Finalised
Aug-02,3.86,Butterfat,Percentage,K02000001,Finalised
Sep-02,3.95,Butterfat,Percentage,K02000001,Finalised
Oct-02,4.08,Butterfat,Percentage,K02000001,Finalised
Nov-02,4.12,Butterfat,Percentage,K02000001,Finalised
Dec-02,4.08,Butterfat,Percentage,K02000001,Finalised
Jan-03,4.02,Butterfat,Percentage,K02000001,Finalised
Feb-03,4.02,Butterfat,Percentage,K02000001,Finalised
Mar-03,3.98,Butterfat,Percentage,K02000001,Finalised
Apr-03,3.89,Butterfat,Percentage,K02000001,Finalised
May-03,3.82,Butterfat,Percentage,K02000001,Finalised
Jun-03,3.79,Butterfat,Percentage,K02000001,Finalised
Jul-03,3.83,Butterfat,Percentage,K02000001,Finalised
Aug-03,3.87,Butterfat,Percentage,K02000001,Finalised
Sep-03,4.02,Butterfat,Percentage,K02000001,Finalised
Oct-03,4.14,Butterfat,Percentage,K02000001,Finalised
Nov-03,4.18,Butterfat,Percentage,K02000001,Finalised
Dec-03,4.11,Butterfat,Percentage,K02000001,Finalised
Jan-04,4.02,Butterfat,Percentage,K02000001,Finalised
Feb-04,4.00,Butterfat,Percentage,K02000001,Finalised
Mar-04,4.05,Butterfat,Percentage,K02000001,Finalised
Apr-04,4.00,Butterfat,Percentage,K02000001,Finalised
May-04,3.81,Butterfat,Percentage,K02000001,Finalised
Jun-04,3.81,Butterfat,Percentage,K02000001,Finalised
Jul-04,3.87,Butterfat,Percentage,K02000001,Finalised
Aug-04,3.89,Butterfat,Percentage,K02000001,Finalised
Sep-04,4.05,Butterfat,Percentage,K02000001,Finalised
Oct-04,4.16,Butterfat,Percentage,K02000001,Finalised
Nov-04,4.15,Butterfat,Percentage,K02000001,Finalised
Dec-04,4.11,Butterfat,Percentage,K02000001,Finalised
Jan-05,4.10,Butterfat,Percentage,K02000001,Finalised
Feb-05,4.08,Butterfat,Percentage,K02000001,Finalised
Mar-05,4.10,Butterfat,Percentage,K02000001,Finalised
Apr-05,4.02,Butterfat,Percentage,K02000001,Finalised
May-05,3.87,Butterfat,Percentage,K02000001,Finalised
Jun-05,3.86,Butterfat,Percentage,K02000001,Finalised
Jul-05,3.90,Butterfat,Percentage,K02000001,Finalised
Aug-05,3.93,Butterfat,Percentage,K02000001,Finalised
Sep-05,4.04,Butterfat,Percentage,K02000001,Finalised
Oct-05,4.11,Butterfat,Percentage,K02000001,Finalised
Nov-05,4.16,Butterfat,Percentage,K02000001,Finalised
Dec-05,4.15,Butterfat,Percentage,K02000001,Finalised
Jan-06,4.10,Butterfat,Percentage,K02000001,Finalised
Feb-06,4.06,Butterfat,Percentage,K02000001,Finalised
Mar-06,4.10,Butterfat,Percentage,K02000001,Finalised
Apr-06,4.09,Butterfat,Percentage,K02000001,Finalised
May-06,3.93,Butterfat,Percentage,K02000001,Finalised
Jun-06,3.83,Butterfat,Percentage,K02000001,Finalised
Jul-06,3.84,Butterfat,Percentage,K02000001,Finalised
Aug-06,3.97,Butterfat,Percentage,K02000001,Finalised
Sep-06,4.06,Butterfat,Percentage,K02000001,Finalised
Oct-06,4.13,Butterfat,Percentage,K02000001,Finalised
Nov-06,4.17,Butterfat,Percentage,K02000001,Finalised
Dec-06,4.19,Butterfat,Percentage,K02000001,Finalised
Jan-07,4.13,Butterfat,Percentage,K02000001,Finalised
Feb-07,4.08,Butterfat,Percentage,K02000001,Finalised
Mar-07,4.10,Butterfat,Percentage,K02000001,Finalised
Apr-07,4.02,Butterfat,Percentage,K02000001,Finalised
May-07,3.92,Butterfat,Percentage,K02000001,Finalised
Jun-07,3.89,Butterfat,Percentage,K02000001,Finalised
Jul-07,3.93,Butterfat,Percentage,K02000001,Finalised
Aug-07,3.97,Butterfat,Percentage,K02000001,Finalised
Sep-07,4.06,Butterfat,Percentage,K02000001,Finalised
Oct-07,4.17,Butterfat,Percentage,K02000001,Finalised
Nov-07,4.23,Butterfat,Percentage,K02000001,Finalised
Dec-07,4.20,Butterfat,Percentage,K02000001,Finalised
Jan-08,4.13,Butterfat,Percentage,K02000001,Finalised
Feb-08,4.10,Butterfat,Percentage,K02000001,Finalised
Mar-08,4.13,Butterfat,Percentage,K02000001,Finalised
Apr-08,4.09,Butterfat,Percentage,K02000001,Finalised
May-08,3.90,Butterfat,Percentage,K02000001,Finalised
Jun-08,3.92,Butterfat,Percentage,K02000001,Finalised
Jul-08,3.87,Butterfat,Percentage,K02000001,Finalised
Aug-08,4.02,Butterfat,Percentage,K02000001,Finalised
Sep-08,4.11,Butterfat,Percentage,K02000001,Finalised
Oct-08,4.16,Butterfat,Percentage,K02000001,Finalised
Nov-08,4.19,Butterfat,Percentage,K02000001,Finalised
Dec-08,4.19,Butterfat,Percentage,K02000001,Finalised
Jan-09,4.14,Butterfat,Percentage,K02000001,Finalised
Feb-09,4.12,Butterfat,Percentage,K02000001,Finalised
Mar-09,4.10,Butterfat,Percentage,K02000001,Finalised
Apr-09,4.04,Butterfat,Percentage,K02000001,Finalised
May-09,3.93,Butterfat,Percentage,K02000001,Finalised
Jun-09,3.78,Butterfat,Percentage,K02000001,Finalised
Jul-09,3.83,Butterfat,Percentage,K02000001,Finalised
Aug-09,3.90,Butterfat,Percentage,K02000001,Finalised
Sep-09,4.00,Butterfat,Percentage,K02000001,Finalised
Oct-09,4.04,Butterfat,Percentage,K02000001,Finalised
Nov-09,4.08,Butterfat,Percentage,K02000001,Finalised
Dec-09,4.10,Butterfat,Percentage,K02000001,Finalised
Jan-10,4.11,Butterfat,Percentage,K02000001,Finalised
Feb-10,4.07,Butterfat,Percentage,K02000001,Finalised
Mar-10,4.04,Butterfat,Percentage,K02000001,Finalised
Apr-10,3.94,Butterfat,Percentage,K02000001,Finalised
May-10,3.80,Butterfat,Percentage,K02000001,Finalised
Jun-10,3.76,Butterfat,Percentage,K02000001,Finalised
Jul-10,3.82,Butterfat,Percentage,K02000001,Finalised
Aug-10,3.85,Butterfat,Percentage,K02000001,Finalised
Sep-10,3.92,Butterfat,Percentage,K02000001,Finalised
Oct-10,4.03,Butterfat,Percentage,K02000001,Finalised
Nov-10,4.11,Butterfat,Percentage,K02000001,Finalised
Dec-10,4.15,Butterfat,Percentage,K02000001,Finalised
Jan-11,4.03,Butterfat,Percentage,K02000001,Finalised
Feb-11,3.99,Butterfat,Percentage,K02000001,Finalised
Mar-11,4.08,Butterfat,Percentage,K02000001,Finalised
Apr-11,4.02,Butterfat,Percentage,K02000001,Finalised
May-11,3.90,Butterfat,Percentage,K02000001,Finalised
Jun-11,3.94,Butterfat,Percentage,K02000001,Finalised
Jul-11,3.92,Butterfat,Percentage,K02000001,Finalised
Aug-11,4.00,Butterfat,Percentage,K02000001,Finalised
Sep-11,4.10,Butterfat,Percentage,K02000001,Finalised
Oct-11,4.13,Butterfat,Percentage,K02000001,Finalised
Nov-11,4.18,Butterfat,Percentage,K02000001,Finalised
Dec-11,4.20,Butterfat,Percentage,K02000001,Finalised
Jan-12,4.14,Butterfat,Percentage,K02000001,Finalised
Feb-12,4.13,Butterfat,Percentage,K02000001,Finalised
Mar-12,4.10,Butterfat,Percentage,K02000001,Finalised
Apr-12,4.06,Butterfat,Percentage,K02000001,Finalised
May-12,3.97,Butterfat,Percentage,K02000001,Finalised
Jun-12,3.93,Butterfat,Percentage,K02000001,Finalised
Jul-12,3.94,Butterfat,Percentage,K02000001,Finalised
Aug-12,4.00,Butterfat,Percentage,K02000001,Finalised
Sep-12,4.11,Butterfat,Percentage,K02000001,Finalised
Oct-12,4.19,Butterfat,Percentage,K02000001,Finalised
Nov-12,4.20,Butterfat,Percentage,K02000001,Finalised
Dec-12,4.18,Butterfat,Percentage,K02000001,Finalised
Jan-13,4.11,Butterfat,Percentage,K02000001,Finalised
Feb-13,4.13,Butterfat,Percentage,K02000001,Finalised
Mar-13,4.13,Butterfat,Percentage,K02000001,Finalised
Apr-13,4.10,Butterfat,Percentage,K02000001,Finalised
May-13,3.91,Butterfat,Percentage,K02000001,Finalised
Jun-13,3.84,Butterfat,Percentage,K02000001,Finalised
Jul-13,3.82,Butterfat,Percentage,K02000001,Finalised
Aug-13,3.92,Butterfat,Percentage,K02000001,Finalised
Sep-13,4.06,Butterfat,Percentage,K02000001,Finalised
Oct-13,4.08,Butterfat,Percentage,K02000001,Finalised
Nov-13,4.18,Butterfat,Percentage,K02000001,Finalised
Dec-13,4.12,Butterfat,Percentage,K02000001,Finalised
Jan-14,4.07,Butterfat,Percentage,K02000001,Finalised
Feb-14,4.07,Butterfat,Percentage,K02000001,Finalised
Mar-14,4.06,Butterfat,Percentage,K02000001,Finalised
Apr-14,4.01,Butterfat,Percentage,K02000001,Finalised
May-14,3.90,Butterfat,Percentage,K02000001,Finalised
Jun-14,3.84,Butterfat,Percentage,K02000001,Finalised
Jul-14,3.84,Butterfat,Percentage,K02000001,Finalised
Aug-14,3.92,Butterfat,Percentage,K02000001,Finalised
Sep-14,3.97,Butterfat,Percentage,K02000001,Finalised
Oct-14,4.08,Butterfat,Percentage,K02000001,Finalised
Nov-14,4.11,Butterfat,Percentage,K02000001,Finalised
Dec-14,4.10,Butterfat,Percentage,K02000001,Finalised
Jan-15,4.07,Butterfat,Percentage,K02000001,Finalised
Feb-15,4.09,Butterfat,Percentage,K02000001,Finalised
Mar-15,4.10,Butterfat,Percentage,K02000001,Finalised
Apr-15,4.02,Butterfat,Percentage,K02000001,Finalised
May-15,3.91,Butterfat,Percentage,K02000001,Finalised
Jun-15,3.90,Butterfat,Percentage,K02000001,Finalised
Jul-15,3.83,Butterfat,Percentage,K02000001,Finalised
Aug-15,3.99,Butterfat,Percentage,K02000001,Finalised
Sep-15,4.03,Butterfat,Percentage,K02000001,Finalised
Oct-15,4.12,Butterfat,Percentage,K02000001,Finalised
Nov-15,4.15,Butterfat,Percentage,K02000001,Finalised
Dec-15,4.13,Butterfat,Percentage,K02000001,Finalised
Jan-16,4.15,Butterfat,Percentage,K02000001,Finalised
Feb-16,4.18,Butterfat,Percentage,K02000001,Finalised
Mar-16,4.20,Butterfat,Percentage,K02000001,Finalised
Apr-16,4.16,Butterfat,Percentage,K02000001,Finalised
May-16,3.99,Butterfat,Percentage,K02000001,Finalised
Jun-16,3.94,Butterfat,Percentage,K02000001,Finalised
Jul-16,3.94,Butterfat,Percentage,K02000001,Finalised
Aug-16,3.98,Butterfat,Percentage,K02000001,Finalised
Sep-16,4.09,Butterfat,Percentage,K02000001,Finalised
Oct-16,4.18,Butterfat,Percentage,K02000001,Finalised
Nov-16,4.25,Butterfat,Percentage,K02000001,Finalised
Dec-16,4.19,Butterfat,Percentage,K02000001,Finalised
Jan-17,4.12,Butterfat,Percentage,K02000001,Finalised
Feb-17,4.13,Butterfat,Percentage,K02000001,Finalised
Mar-17,4.12,Butterfat,Percentage,K02000001,Finalised
Apr-17,4.06,Butterfat,Percentage,K02000001,Finalised
May-17,3.95,Butterfat,Percentage,K02000001,Finalised
Jun-17,3.93,Butterfat,Percentage,K02000001,Finalised
Jul-17,3.93,Butterfat,Percentage,K02000001,Finalised
Aug-17,4.01,Butterfat,Percentage,K02000001,Finalised
Sep-17,4.13,Butterfat,Percentage,K02000001,Finalised
Oct-17,4.18,Butterfat,Percentage,K02000001,Finalised
Nov-17,4.19,Butterfat,Percentage,K02000001,Finalised
Dec-17,4.20,Butterfat,Percentage,K02000001,Finalised
Jan-18,4.16,Butterfat,Percentage,K02000001,Finalised
Feb-18,4.17,Butterfat,Percentage,K02000001,Finalised
Mar-18,4.21,Butterfat,Percentage,K02000001,Finalised
Apr-18,4.13,Butterfat,Percentage,K02000001,Finalised
May-18,3.97,Butterfat,Percentage,K02000001,Finalised
Jun-18,3.90,Butterfat,Percentage,K02000001,Finalised
Jul-18,3.89,Butterfat,Percentage,K02000001,Finalised
Aug-18,3.98,Butterfat,Percentage,K02000001,Finalised
Sep-18,4.09,Butterfat,Percentage,K02000001,Finalised
Oct-18,4.17,Butterfat,Percentage,K02000001,Finalised
Nov-18,4.20,Butterfat,Percentage,K02000001,Finalised
Dec-18,4.15,Butterfat,Percentage,K02000001,Finalised
Jan-19,4.09,Butterfat,Percentage,K02000001,Finalised
Feb-19,4.10,Butterfat,Percentage,K02000001,Finalised
Mar-19,4.12,Butterfat,Percentage,K02000001,Finalised
Apr-19,4.05,Butterfat,Percentage,K02000001,Finalised
May-19,3.96,Butterfat,Percentage,K02000001,Finalised
Jun-19,3.98,Butterfat,Percentage,K02000001,Finalised
Jul-19,3.96,Butterfat,Percentage,K02000001,Finalised
Aug-19,4.03,Butterfat,Percentage,K02000001,Finalised
Sep-19,4.14,Butterfat,Percentage,K02000001,Finalised
Oct-19,4.24,Butterfat,Percentage,K02000001,Finalised
Nov-19,4.31,Butterfat,Percentage,K02000001,Finalised
Dec-19,4.26,Butterfat,Percentage,K02000001,Finalised
Jan-20,4.17,Butterfat,Percentage,K02000001,Finalised
Feb-20,4.19,Butterfat,Percentage,K02000001,Finalised
Mar-20,4.22,Butterfat,Percentage,K02000001,Finalised
Apr-20,4.11,Butterfat,Percentage,K02000001,Finalised
May-20,3.99,Butterfat,Percentage,K02000001,Finalised
Jun-20,3.99,Butterfat,Percentage,K02000001,Provisional
Nov-94,3.26,Protein,Percentage,K03000001,Finalised
Dec-94,3.21,Protein,Percentage,K03000001,Finalised
Jan-95,3.16,Protein,Percentage,K02000001,Finalised
Feb-95,3.12,Protein,Percentage,K02000001,Finalised
Mar-95,3.14,Protein,Percentage,K02000001,Finalised
Apr-95,3.16,Protein,Percentage,K02000001,Finalised
May-95,3.29,Protein,Percentage,K02000001,Finalised
Jun-95,3.31,Protein,Percentage,K02000001,Finalised
Jul-95,3.20,Protein,Percentage,K02000001,Finalised
Aug-95,3.18,Protein,Percentage,K02000001,Finalised
Sep-95,3.29,Protein,Percentage,K02000001,Finalised
Oct-95,3.36,Protein,Percentage,K02000001,Finalised
Nov-95,3.35,Protein,Percentage,K02000001,Finalised
Dec-95,3.30,Protein,Percentage,K02000001,Finalised
Jan-96,3.22,Protein,Percentage,K02000001,Finalised
Feb-96,3.20,Protein,Percentage,K02000001,Finalised
Mar-96,3.20,Protein,Percentage,K02000001,Finalised
Apr-96,3.18,Protein,Percentage,K02000001,Finalised
May-96,3.36,Protein,Percentage,K02000001,Finalised
Jun-96,3.33,Protein,Percentage,K02000001,Finalised
Jul-96,3.32,Protein,Percentage,K02000001,Finalised
Aug-96,3.28,Protein,Percentage,K02000001,Finalised
Sep-96,3.37,Protein,Percentage,K02000001,Finalised
Oct-96,3.38,Protein,Percentage,K02000001,Finalised
Nov-96,3.34,Protein,Percentage,K02000001,Finalised
Dec-96,3.30,Protein,Percentage,K02000001,Finalised
Jan-97,3.25,Protein,Percentage,K02000001,Finalised
Feb-97,3.19,Protein,Percentage,K02000001,Finalised
Mar-97,3.19,Protein,Percentage,K02000001,Finalised
Apr-97,3.30,Protein,Percentage,K02000001,Finalised
May-97,3.33,Protein,Percentage,K02000001,Finalised
Jun-97,3.33,Protein,Percentage,K02000001,Finalised
Jul-97,3.30,Protein,Percentage,K02000001,Finalised
Aug-97,3.28,Protein,Percentage,K02000001,Finalised
Sep-97,3.38,Protein,Percentage,K02000001,Finalised
Oct-97,3.39,Protein,Percentage,K02000001,Finalised
Nov-97,3.36,Protein,Percentage,K02000001,Finalised
Dec-97,3.30,Protein,Percentage,K02000001,Finalised
Jan-98,3.25,Protein,Percentage,K02000001,Finalised
Feb-98,3.22,Protein,Percentage,K02000001,Finalised
Mar-98,3.19,Protein,Percentage,K02000001,Finalised
Apr-98,3.21,Protein,Percentage,K02000001,Finalised
May-98,3.31,Protein,Percentage,K02000001,Finalised
Jun-98,3.31,Protein,Percentage,K02000001,Finalised
Jul-98,3.33,Protein,Percentage,K02000001,Finalised
Aug-98,3.35,Protein,Percentage,K02000001,Finalised
Sep-98,3.40,Protein,Percentage,K02000001,Finalised
Oct-98,3.41,Protein,Percentage,K02000001,Finalised
Nov-98,3.33,Protein,Percentage,K02000001,Finalised
Dec-98,3.26,Protein,Percentage,K02000001,Finalised
Jan-99,3.22,Protein,Percentage,K02000001,Finalised
Feb-99,3.21,Protein,Percentage,K02000001,Finalised
Mar-99,3.21,Protein,Percentage,K02000001,Finalised
Apr-99,3.22,Protein,Percentage,K02000001,Finalised
May-99,3.31,Protein,Percentage,K02000001,Finalised
Jun-99,3.31,Protein,Percentage,K02000001,Finalised
Jul-99,3.30,Protein,Percentage,K02000001,Finalised
Aug-99,3.32,Protein,Percentage,K02000001,Finalised
Sep-99,3.40,Protein,Percentage,K02000001,Finalised
Oct-99,3.43,Protein,Percentage,K02000001,Finalised
Nov-99,3.37,Protein,Percentage,K02000001,Finalised
Dec-99,3.31,Protein,Percentage,K02000001,Finalised
Jan-00,3.24,Protein,Percentage,K02000001,Finalised
Feb-00,3.21,Protein,Percentage,K02000001,Finalised
Mar-00,3.20,Protein,Percentage,K02000001,Finalised
Apr-00,3.22,Protein,Percentage,K02000001,Finalised
May-00,3.30,Protein,Percentage,K02000001,Finalised
Jun-00,3.29,Protein,Percentage,K02000001,Finalised
Jul-00,3.29,Protein,Percentage,K02000001,Finalised
Aug-00,3.31,Protein,Percentage,K02000001,Finalised
Sep-00,3.39,Protein,Percentage,K02000001,Finalised
Oct-00,3.37,Protein,Percentage,K02000001,Finalised
Nov-00,3.33,Protein,Percentage,K02000001,Finalised
Dec-00,3.28,Protein,Percentage,K02000001,Finalised
Jan-01,3.24,Protein,Percentage,K02000001,Finalised
Feb-01,3.21,Protein,Percentage,K02000001,Finalised
Mar-01,3.21,Protein,Percentage,K02000001,Finalised
Apr-01,3.20,Protein,Percentage,K02000001,Finalised
May-01,3.27,Protein,Percentage,K02000001,Finalised
Jun-01,3.28,Protein,Percentage,K02000001,Finalised
Jul-01,3.26,Protein,Percentage,K02000001,Finalised
Aug-01,3.29,Protein,Percentage,K02000001,Finalised
Sep-01,3.42,Protein,Percentage,K02000001,Finalised
Oct-01,3.39,Protein,Percentage,K02000001,Finalised
Nov-01,3.38,Protein,Percentage,K02000001,Finalised
Dec-01,3.34,Protein,Percentage,K02000001,Finalised
Jan-02,3.28,Protein,Percentage,K02000001,Finalised
Feb-02,3.22,Protein,Percentage,K02000001,Finalised
Mar-02,3.23,Protein,Percentage,K02000001,Finalised
Apr-02,3.26,Protein,Percentage,K02000001,Finalised
May-02,3.32,Protein,Percentage,K02000001,Finalised
Jun-02,3.28,Protein,Percentage,K02000001,Finalised
Jul-02,3.28,Protein,Percentage,K02000001,Finalised
Aug-02,3.29,Protein,Percentage,K02000001,Finalised
Sep-02,3.38,Protein,Percentage,K02000001,Finalised
Oct-02,3.41,Protein,Percentage,K02000001,Finalised
Nov-02,3.35,Protein,Percentage,K02000001,Finalised
Dec-02,3.30,Protein,Percentage,K02000001,Finalised
Jan-03,3.25,Protein,Percentage,K02000001,Finalised
Feb-03,3.25,Protein,Percentage,K02000001,Finalised
Mar-03,3.21,Protein,Percentage,K02000001,Finalised
Apr-03,3.26,Protein,Percentage,K02000001,Finalised
May-03,3.34,Protein,Percentage,K02000001,Finalised
Jun-03,3.30,Protein,Percentage,K02000001,Finalised
Jul-03,3.26,Protein,Percentage,K02000001,Finalised
Aug-03,3.26,Protein,Percentage,K02000001,Finalised
Sep-03,3.39,Protein,Percentage,K02000001,Finalised
Oct-03,3.44,Protein,Percentage,K02000001,Finalised
Nov-03,3.36,Protein,Percentage,K02000001,Finalised
Dec-03,3.27,Protein,Percentage,K02000001,Finalised
Jan-04,3.21,Protein,Percentage,K02000001,Finalised
Feb-04,3.19,Protein,Percentage,K02000001,Finalised
Mar-04,3.18,Protein,Percentage,K02000001,Finalised
Apr-04,3.19,Protein,Percentage,K02000001,Finalised
May-04,3.25,Protein,Percentage,K02000001,Finalised
Jun-04,3.24,Protein,Percentage,K02000001,Finalised
Jul-04,3.25,Protein,Percentage,K02000001,Finalised
Aug-04,3.26,Protein,Percentage,K02000001,Finalised
Sep-04,3.37,Protein,Percentage,K02000001,Finalised
Oct-04,3.37,Protein,Percentage,K02000001,Finalised
Nov-04,3.33,Protein,Percentage,K02000001,Finalised
Dec-04,3.29,Protein,Percentage,K02000001,Finalised
Jan-05,3.24,Protein,Percentage,K02000001,Finalised
Feb-05,3.21,Protein,Percentage,K02000001,Finalised
Mar-05,3.20,Protein,Percentage,K02000001,Finalised
Apr-05,3.21,Protein,Percentage,K02000001,Finalised
May-05,3.29,Protein,Percentage,K02000001,Finalised
Jun-05,3.26,Protein,Percentage,K02000001,Finalised
Jul-05,3.27,Protein,Percentage,K02000001,Finalised
Aug-05,3.30,Protein,Percentage,K02000001,Finalised
Sep-05,3.33,Protein,Percentage,K02000001,Finalised
Oct-05,3.36,Protein,Percentage,K02000001,Finalised
Nov-05,3.34,Protein,Percentage,K02000001,Finalised
Dec-05,3.31,Protein,Percentage,K02000001,Finalised
Jan-06,3.25,Protein,Percentage,K02000001,Finalised
Feb-06,3.23,Protein,Percentage,K02000001,Finalised
Mar-06,3.23,Protein,Percentage,K02000001,Finalised
Apr-06,3.21,Protein,Percentage,K02000001,Finalised
May-06,3.24,Protein,Percentage,K02000001,Finalised
Jun-06,3.23,Protein,Percentage,K02000001,Finalised
Jul-06,3.19,Protein,Percentage,K02000001,Finalised
Aug-06,3.24,Protein,Percentage,K02000001,Finalised
Sep-06,3.35,Protein,Percentage,K02000001,Finalised
Oct-06,3.38,Protein,Percentage,K02000001,Finalised
Nov-06,3.38,Protein,Percentage,K02000001,Finalised
Dec-06,3.34,Protein,Percentage,K02000001,Finalised
Jan-07,3.28,Protein,Percentage,K02000001,Finalised
Feb-07,3.25,Protein,Percentage,K02000001,Finalised
Mar-07,3.25,Protein,Percentage,K02000001,Finalised
Apr-07,3.27,Protein,Percentage,K02000001,Finalised
May-07,3.33,Protein,Percentage,K02000001,Finalised
Jun-07,3.28,Protein,Percentage,K02000001,Finalised
Jul-07,3.26,Protein,Percentage,K02000001,Finalised
Aug-07,3.31,Protein,Percentage,K02000001,Finalised
Sep-07,3.39,Protein,Percentage,K02000001,Finalised
Oct-07,3.42,Protein,Percentage,K02000001,Finalised
Nov-07,3.39,Protein,Percentage,K02000001,Finalised
Dec-07,3.32,Protein,Percentage,K02000001,Finalised
Jan-08,3.25,Protein,Percentage,K02000001,Finalised
Feb-08,3.22,Protein,Percentage,K02000001,Finalised
Mar-08,3.25,Protein,Percentage,K02000001,Finalised
Apr-08,3.26,Protein,Percentage,K02000001,Finalised
May-08,3.26,Protein,Percentage,K02000001,Finalised
Jun-08,3.25,Protein,Percentage,K02000001,Finalised
Jul-08,3.25,Protein,Percentage,K02000001,Finalised
Aug-08,3.29,Protein,Percentage,K02000001,Finalised
Sep-08,3.35,Protein,Percentage,K02000001,Finalised
Oct-08,3.36,Protein,Percentage,K02000001,Finalised
Nov-08,3.36,Protein,Percentage,K02000001,Finalised
Dec-08,3.32,Protein,Percentage,K02000001,Finalised
Jan-09,3.27,Protein,Percentage,K02000001,Finalised
Feb-09,3.23,Protein,Percentage,K02000001,Finalised
Mar-09,3.21,Protein,Percentage,K02000001,Finalised
Apr-09,3.23,Protein,Percentage,K02000001,Finalised
May-09,3.26,Protein,Percentage,K02000001,Finalised
Jun-09,3.24,Protein,Percentage,K02000001,Finalised
Jul-09,3.22,Protein,Percentage,K02000001,Finalised
Aug-09,3.26,Protein,Percentage,K02000001,Finalised
Sep-09,3.32,Protein,Percentage,K02000001,Finalised
Oct-09,3.36,Protein,Percentage,K02000001,Finalised
Nov-09,3.34,Protein,Percentage,K02000001,Finalised
Dec-09,3.32,Protein,Percentage,K02000001,Finalised
Jan-10,3.30,Protein,Percentage,K02000001,Finalised
Feb-10,3.26,Protein,Percentage,K02000001,Finalised
Mar-10,3.24,Protein,Percentage,K02000001,Finalised
Apr-10,3.23,Protein,Percentage,K02000001,Finalised
May-10,3.27,Protein,Percentage,K02000001,Finalised
Jun-10,3.25,Protein,Percentage,K02000001,Finalised
Jul-10,3.22,Protein,Percentage,K02000001,Finalised
Aug-10,3.25,Protein,Percentage,K02000001,Finalised
Sep-10,3.33,Protein,Percentage,K02000001,Finalised
Oct-10,3.36,Protein,Percentage,K02000001,Finalised
Nov-10,3.36,Protein,Percentage,K02000001,Finalised
Dec-10,3.37,Protein,Percentage,K02000001,Finalised
Jan-11,3.28,Protein,Percentage,K02000001,Finalised
Feb-11,3.25,Protein,Percentage,K02000001,Finalised
Mar-11,3.24,Protein,Percentage,K02000001,Finalised
Apr-11,3.22,Protein,Percentage,K02000001,Finalised
May-11,3.24,Protein,Percentage,K02000001,Finalised
Jun-11,3.23,Protein,Percentage,K02000001,Finalised
Jul-11,3.23,Protein,Percentage,K02000001,Finalised
Aug-11,3.26,Protein,Percentage,K02000001,Finalised
Sep-11,3.31,Protein,Percentage,K02000001,Finalised
Oct-11,3.32,Protein,Percentage,K02000001,Finalised
Nov-11,3.33,Protein,Percentage,K02000001,Finalised
Dec-11,3.31,Protein,Percentage,K02000001,Finalised
Jan-12,3.27,Protein,Percentage,K02000001,Finalised
Feb-12,3.26,Protein,Percentage,K02000001,Finalised
Mar-12,3.24,Protein,Percentage,K02000001,Finalised
Apr-12,3.27,Protein,Percentage,K02000001,Finalised
May-12,3.24,Protein,Percentage,K02000001,Finalised
Jun-12,3.22,Protein,Percentage,K02000001,Finalised
Jul-12,3.20,Protein,Percentage,K02000001,Finalised
Aug-12,3.22,Protein,Percentage,K02000001,Finalised
Sep-12,3.29,Protein,Percentage,K02000001,Finalised
Oct-12,3.33,Protein,Percentage,K02000001,Finalised
Nov-12,3.34,Protein,Percentage,K02000001,Finalised
Dec-12,3.30,Protein,Percentage,K02000001,Finalised
Jan-13,3.23,Protein,Percentage,K02000001,Finalised
Feb-13,3.23,Protein,Percentage,K02000001,Finalised
Mar-13,3.23,Protein,Percentage,K02000001,Finalised
Apr-13,3.21,Protein,Percentage,K02000001,Finalised
May-13,3.22,Protein,Percentage,K02000001,Finalised
Jun-13,3.21,Protein,Percentage,K02000001,Finalised
Jul-13,3.19,Protein,Percentage,K02000001,Finalised
Aug-13,3.23,Protein,Percentage,K02000001,Finalised
Sep-13,3.33,Protein,Percentage,K02000001,Finalised
Oct-13,3.32,Protein,Percentage,K02000001,Finalised
Nov-13,3.35,Protein,Percentage,K02000001,Finalised
Dec-13,3.33,Protein,Percentage,K02000001,Finalised
Jan-14,3.29,Protein,Percentage,K02000001,Finalised
Feb-14,3.27,Protein,Percentage,K02000001,Finalised
Mar-14,3.26,Protein,Percentage,K02000001,Finalised
Apr-14,3.27,Protein,Percentage,K02000001,Finalised
May-14,3.25,Protein,Percentage,K02000001,Finalised
Jun-14,3.24,Protein,Percentage,K02000001,Finalised
Jul-14,3.23,Protein,Percentage,K02000001,Finalised
Aug-14,3.27,Protein,Percentage,K02000001,Finalised
Sep-14,3.33,Protein,Percentage,K02000001,Finalised
Oct-14,3.34,Protein,Percentage,K02000001,Finalised
Nov-14,3.33,Protein,Percentage,K02000001,Finalised
Dec-14,3.31,Protein,Percentage,K02000001,Finalised
Jan-15,3.28,Protein,Percentage,K02000001,Finalised
Feb-15,3.27,Protein,Percentage,K02000001,Finalised
Mar-15,3.28,Protein,Percentage,K02000001,Finalised
Apr-15,3.29,Protein,Percentage,K02000001,Finalised
May-15,3.31,Protein,Percentage,K02000001,Finalised
Jun-15,3.30,Protein,Percentage,K02000001,Finalised
Jul-15,3.31,Protein,Percentage,K02000001,Finalised
Aug-15,3.31,Protein,Percentage,K02000001,Finalised
Sep-15,3.44,Protein,Percentage,K02000001,Finalised
Oct-15,3.41,Protein,Percentage,K02000001,Finalised
Nov-15,3.36,Protein,Percentage,K02000001,Finalised
Dec-15,3.32,Protein,Percentage,K02000001,Finalised
Jan-16,3.28,Protein,Percentage,K02000001,Finalised
Feb-16,3.28,Protein,Percentage,K02000001,Finalised
Mar-16,3.29,Protein,Percentage,K02000001,Finalised
Apr-16,3.27,Protein,Percentage,K02000001,Finalised
May-16,3.28,Protein,Percentage,K02000001,Finalised
Jun-16,3.23,Protein,Percentage,K02000001,Finalised
Jul-16,3.22,Protein,Percentage,K02000001,Finalised
Aug-16,3.25,Protein,Percentage,K02000001,Finalised
Sep-16,3.32,Protein,Percentage,K02000001,Finalised
Oct-16,3.38,Protein,Percentage,K02000001,Finalised
Nov-16,3.39,Protein,Percentage,K02000001,Finalised
Dec-16,3.36,Protein,Percentage,K02000001,Finalised
Jan-17,3.28,Protein,Percentage,K02000001,Finalised
Feb-17,3.27,Protein,Percentage,K02000001,Finalised
Mar-17,3.26,Protein,Percentage,K02000001,Finalised
Apr-17,3.29,Protein,Percentage,K02000001,Finalised
May-17,3.29,Protein,Percentage,K02000001,Finalised
Jun-17,3.24,Protein,Percentage,K02000001,Finalised
Jul-17,3.24,Protein,Percentage,K02000001,Finalised
Aug-17,3.31,Protein,Percentage,K02000001,Finalised
Sep-17,3.39,Protein,Percentage,K02000001,Finalised
Oct-17,3.38,Protein,Percentage,K02000001,Finalised
Nov-17,3.38,Protein,Percentage,K02000001,Finalised
Dec-17,3.37,Protein,Percentage,K02000001,Finalised
Jan-18,3.32,Protein,Percentage,K02000001,Finalised
Feb-18,3.32,Protein,Percentage,K02000001,Finalised
Mar-18,3.32,Protein,Percentage,K02000001,Finalised
Apr-18,3.27,Protein,Percentage,K02000001,Finalised
May-18,3.27,Protein,Percentage,K02000001,Finalised
Jun-18,3.23,Protein,Percentage,K02000001,Finalised
Jul-18,3.21,Protein,Percentage,K02000001,Finalised
Aug-18,3.28,Protein,Percentage,K02000001,Finalised
Sep-18,3.40,Protein,Percentage,K02000001,Finalised
Oct-18,3.44,Protein,Percentage,K02000001,Finalised
Nov-18,3.44,Protein,Percentage,K02000001,Finalised
Dec-18,3.37,Protein,Percentage,K02000001,Finalised
Jan-19,3.33,Protein,Percentage,K02000001,Finalised
Feb-19,3.34,Protein,Percentage,K02000001,Finalised
Mar-19,3.33,Protein,Percentage,K02000001,Finalised
Apr-19,3.36,Protein,Percentage,K02000001,Finalised
May-19,3.36,Protein,Percentage,K02000001,Finalised
Jun-19,3.33,Protein,Percentage,K02000001,Finalised
Jul-19,3.30,Protein,Percentage,K02000001,Finalised
Aug-19,3.31,Protein,Percentage,K02000001,Finalised
Sep-19,3.41,Protein,Percentage,K02000001,Finalised
Oct-19,3.44,Protein,Percentage,K02000001,Finalised
Nov-19,3.47,Protein,Percentage,K02000001,Finalised
Dec-19,3.41,Protein,Percentage,K02000001,Finalised
Jan-20,3.36,Protein,Percentage,K02000001,Finalised
Feb-20,3.37,Protein,Percentage,K02000001,Finalised
Mar-20,3.36,Protein,Percentage,K02000001,Finalised
Apr-20,3.32,Protein,Percentage,K02000001,Finalised
May-20,3.31,Protein,Percentage,K02000001,Finalised
Jun-20,3.27,Protein,Percentage,K02000001,Provisional
