Month,Geography,Measure type,Unit of Measure,Value
1970-01,K02000001,Price,Pence per litre,4.08
1970-02,K02000001,Price,Pence per litre,4.09
1970-03,K02000001,Price,Pence per litre,4.07
1970-04,K02000001,Price,Pence per litre,3.73
1970-05,K02000001,Price,Pence per litre,2.9
1970-06,K02000001,Price,Pence per litre,2.86
1970-07,K02000001,Price,Pence per litre,3.31
1970-08,K02000001,Price,Pence per litre,3.71
1970-09,K02000001,Price,Pence per litre,3.92
1970-10,K02000001,Price,Pence per litre,4.24
1970-11,K02000001,Price,Pence per litre,4.23
1970-12,K02000001,Price,Pence per litre,4.38
1971-01,K02000001,Price,Pence per litre,4.35
1971-02,K02000001,Price,Pence per litre,4.39
1971-03,K02000001,Price,Pence per litre,4.43
1971-04,K02000001,Price,Pence per litre,4.1
1971-05,K02000001,Price,Pence per litre,3.22
1971-06,K02000001,Price,Pence per litre,3.26
1971-07,K02000001,Price,Pence per litre,3.73
1971-08,K02000001,Price,Pence per litre,4.14
1971-09,K02000001,Price,Pence per litre,4.5
1971-10,K02000001,Price,Pence per litre,4.56
1971-11,K02000001,Price,Pence per litre,4.74
1971-12,K02000001,Price,Pence per litre,4.74
1972-01,K02000001,Price,Pence per litre,4.74
1972-02,K02000001,Price,Pence per litre,4.82
1972-03,K02000001,Price,Pence per litre,4.72
1972-04,K02000001,Price,Pence per litre,4.46
1972-05,K02000001,Price,Pence per litre,3.59
1972-06,K02000001,Price,Pence per litre,3.57
1972-07,K02000001,Price,Pence per litre,3.91
1972-08,K02000001,Price,Pence per litre,4.3
1972-09,K02000001,Price,Pence per litre,4.65
1972-10,K02000001,Price,Pence per litre,4.67
1972-11,K02000001,Price,Pence per litre,4.74
1972-12,K02000001,Price,Pence per litre,4.76
1973-01,K02000001,Price,Pence per litre,4.78
1973-02,K02000001,Price,Pence per litre,4.81
1973-03,K02000001,Price,Pence per litre,4.75
1973-04,K02000001,Price,Pence per litre,4.66
1973-05,K02000001,Price,Pence per litre,3.8
1973-06,K02000001,Price,Pence per litre,3.81
1973-07,K02000001,Price,Pence per litre,4.21
1973-08,K02000001,Price,Pence per litre,4.66
1973-09,K02000001,Price,Pence per litre,5.08
1973-10,K02000001,Price,Pence per litre,5.15
1973-11,K02000001,Price,Pence per litre,6.46
1973-12,K02000001,Price,Pence per litre,6.46
1974-01,K02000001,Price,Pence per litre,6.53
1974-02,K02000001,Price,Pence per litre,6.46
1974-03,K02000001,Price,Pence per litre,5.62
1974-04,K02000001,Price,Pence per litre,5.5
1974-05,K02000001,Price,Pence per litre,4.65
1974-06,K02000001,Price,Pence per litre,4.67
1974-07,K02000001,Price,Pence per litre,5.05
1974-08,K02000001,Price,Pence per litre,5.4
1974-09,K02000001,Price,Pence per litre,5.82
1974-10,K02000001,Price,Pence per litre,7.61
1974-11,K02000001,Price,Pence per litre,7.69
1974-12,K02000001,Price,Pence per litre,7.69
1975-01,K02000001,Price,Pence per litre,7.79
1975-02,K02000001,Price,Pence per litre,7.76
1975-03,K02000001,Price,Pence per litre,7.62
1975-04,K02000001,Price,Pence per litre,7.35
1975-05,K02000001,Price,Pence per litre,6.47
1975-06,K02000001,Price,Pence per litre,6.47
1975-07,K02000001,Price,Pence per litre,6.84
1975-08,K02000001,Price,Pence per litre,7.27
1975-09,K02000001,Price,Pence per litre,8.85
1975-10,K02000001,Price,Pence per litre,8.61
1975-11,K02000001,Price,Pence per litre,8.69
1975-12,K02000001,Price,Pence per litre,8.74
1976-01,K02000001,Price,Pence per litre,8.8
1976-02,K02000001,Price,Pence per litre,8.76
1976-03,K02000001,Price,Pence per litre,8.63
1976-04,K02000001,Price,Pence per litre,9.06
1976-05,K02000001,Price,Pence per litre,8.19
1976-06,K02000001,Price,Pence per litre,8.16
1976-07,K02000001,Price,Pence per litre,8.59
1976-08,K02000001,Price,Pence per litre,9.05
1976-09,K02000001,Price,Pence per litre,9.82
1976-10,K02000001,Price,Pence per litre,9.9
1976-11,K02000001,Price,Pence per litre,9.98
1976-12,K02000001,Price,Pence per litre,10.03
1977-01,K02000001,Price,Pence per litre,10.15
1977-02,K02000001,Price,Pence per litre,10.1
1977-03,K02000001,Price,Pence per litre,10.05
1977-04,K02000001,Price,Pence per litre,9.8
1977-05,K02000001,Price,Pence per litre,8.97
1977-06,K02000001,Price,Pence per litre,8.97
1977-07,K02000001,Price,Pence per litre,9.35
1977-08,K02000001,Price,Pence per litre,9.78
1977-09,K02000001,Price,Pence per litre,10.13
1977-10,K02000001,Price,Pence per litre,10.7
1977-11,K02000001,Price,Pence per litre,10.78
1977-12,K02000001,Price,Pence per litre,10.45
1978-01,K02000001,Price,Pence per litre,10.43
1978-02,K02000001,Price,Pence per litre,10.25
1978-03,K02000001,Price,Pence per litre,10.12
1978-04,K02000001,Price,Pence per litre,10.15
1978-05,K02000001,Price,Pence per litre,9.44
1978-06,K02000001,Price,Pence per litre,9.45
1978-07,K02000001,Price,Pence per litre,9.79
1978-08,K02000001,Price,Pence per litre,10.22
1978-09,K02000001,Price,Pence per litre,10.59
1978-10,K02000001,Price,Pence per litre,11.16
1978-11,K02000001,Price,Pence per litre,11.26
1978-12,K02000001,Price,Pence per litre,11.24
1979-01,K02000001,Price,Pence per litre,11.29
1979-02,K02000001,Price,Pence per litre,11.25
1979-03,K02000001,Price,Pence per litre,11.12
1979-04,K02000001,Price,Pence per litre,11.05
1979-05,K02000001,Price,Pence per litre,10.19
1979-06,K02000001,Price,Pence per litre,10.17
1979-07,K02000001,Price,Pence per litre,10.55
1979-08,K02000001,Price,Pence per litre,11
1979-09,K02000001,Price,Pence per litre,11.35
1979-10,K02000001,Price,Pence per litre,11.91
1979-11,K02000001,Price,Pence per litre,12.23
1979-12,K02000001,Price,Pence per litre,12.26
1980-01,K02000001,Price,Pence per litre,12.41
1980-02,K02000001,Price,Pence per litre,12.92
1980-03,K02000001,Price,Pence per litre,12.8
1980-04,K02000001,Price,Pence per litre,12.47
1980-05,K02000001,Price,Pence per litre,11.56
1980-06,K02000001,Price,Pence per litre,11.55
1980-07,K02000001,Price,Pence per litre,11.93
1980-08,K02000001,Price,Pence per litre,12.37
1980-09,K02000001,Price,Pence per litre,12.72
1980-10,K02000001,Price,Pence per litre,13.29
1980-11,K02000001,Price,Pence per litre,13.4
1980-12,K02000001,Price,Pence per litre,13.44
1981-01,K02000001,Price,Pence per litre,13.45
1981-02,K02000001,Price,Pence per litre,13.41
1981-03,K02000001,Price,Pence per litre,13.28
1981-04,K02000001,Price,Pence per litre,13.43
1981-05,K02000001,Price,Pence per litre,12.6
1981-06,K02000001,Price,Pence per litre,12.59
1981-07,K02000001,Price,Pence per litre,12.97
1981-08,K02000001,Price,Pence per litre,13.4
1981-09,K02000001,Price,Pence per litre,13.75
1981-10,K02000001,Price,Pence per litre,14.32
1981-11,K02000001,Price,Pence per litre,14.42
1981-12,K02000001,Price,Pence per litre,14.46
1982-01,K02000001,Price,Pence per litre,14.48
1982-02,K02000001,Price,Pence per litre,14.43
1982-03,K02000001,Price,Pence per litre,14.3
1982-04,K02000001,Price,Pence per litre,14.41
1982-05,K02000001,Price,Pence per litre,13.76
1982-06,K02000001,Price,Pence per litre,13.58
1982-07,K02000001,Price,Pence per litre,13.96
1982-08,K02000001,Price,Pence per litre,14.38
1982-09,K02000001,Price,Pence per litre,14.73
1982-10,K02000001,Price,Pence per litre,15.44
1982-11,K02000001,Price,Pence per litre,15.5
1982-12,K02000001,Price,Pence per litre,15.54
1983-01,K02000001,Price,Pence per litre,15.52
1983-02,K02000001,Price,Pence per litre,15.56
1983-03,K02000001,Price,Pence per litre,15.38
1983-04,K02000001,Price,Pence per litre,14.28
1983-05,K02000001,Price,Pence per litre,13.45
1983-06,K02000001,Price,Pence per litre,13.45
1983-07,K02000001,Price,Pence per litre,13.74
1983-08,K02000001,Price,Pence per litre,14.17
1983-09,K02000001,Price,Pence per litre,14.62
1983-10,K02000001,Price,Pence per litre,15.27
1983-11,K02000001,Price,Pence per litre,15.41
1983-12,K02000001,Price,Pence per litre,15.45
1984-01,K02000001,Price,Pence per litre,15.48
1984-02,K02000001,Price,Pence per litre,15.5
1984-03,K02000001,Price,Pence per litre,15.31
1984-04,K02000001,Price,Pence per litre,13.8
1984-05,K02000001,Price,Pence per litre,12.17
1984-06,K02000001,Price,Pence per litre,12.33
1984-07,K02000001,Price,Pence per litre,14.27
1984-08,K02000001,Price,Pence per litre,15.41
1984-09,K02000001,Price,Pence per litre,15.94
1984-10,K02000001,Price,Pence per litre,15.8
1984-11,K02000001,Price,Pence per litre,15.48
1984-12,K02000001,Price,Pence per litre,15.32
1985-01,K02000001,Price,Pence per litre,15.36
1985-02,K02000001,Price,Pence per litre,15.36
1985-03,K02000001,Price,Pence per litre,14.98
1985-04,K02000001,Price,Pence per litre,14.28
1985-05,K02000001,Price,Pence per litre,12.71
1985-06,K02000001,Price,Pence per litre,12.87
1985-07,K02000001,Price,Pence per litre,14.89
1985-08,K02000001,Price,Pence per litre,15.22
1985-09,K02000001,Price,Pence per litre,16.46
1985-10,K02000001,Price,Pence per litre,16.23
1985-11,K02000001,Price,Pence per litre,16.19
1985-12,K02000001,Price,Pence per litre,15.76
1986-01,K02000001,Price,Pence per litre,15.73
1986-02,K02000001,Price,Pence per litre,15.47
1986-03,K02000001,Price,Pence per litre,15.04
1986-04,K02000001,Price,Pence per litre,14.88
1986-05,K02000001,Price,Pence per litre,13.28
1986-06,K02000001,Price,Pence per litre,13.42
1986-07,K02000001,Price,Pence per litre,15.53
1986-08,K02000001,Price,Pence per litre,16.84
1986-09,K02000001,Price,Pence per litre,17.21
1986-10,K02000001,Price,Pence per litre,16.97
1986-11,K02000001,Price,Pence per litre,16.78
1986-12,K02000001,Price,Pence per litre,16.48
1987-01,K02000001,Price,Pence per litre,16.45
1987-02,K02000001,Price,Pence per litre,16.33
1987-03,K02000001,Price,Pence per litre,16.05
1987-04,K02000001,Price,Pence per litre,15.35
1987-05,K02000001,Price,Pence per litre,13.89
1987-06,K02000001,Price,Pence per litre,14.13
1987-07,K02000001,Price,Pence per litre,16.22
1987-08,K02000001,Price,Pence per litre,17.33
1987-09,K02000001,Price,Pence per litre,17.74
1987-10,K02000001,Price,Pence per litre,17.45
1987-11,K02000001,Price,Pence per litre,17.06
1987-12,K02000001,Price,Pence per litre,16.97
1988-01,K02000001,Price,Pence per litre,16.75
1988-02,K02000001,Price,Pence per litre,16.72
1988-03,K02000001,Price,Pence per litre,16.52
1988-04,K02000001,Price,Pence per litre,16.68
1988-05,K02000001,Price,Pence per litre,15.05
1988-06,K02000001,Price,Pence per litre,15.6
1988-07,K02000001,Price,Pence per litre,18.16
1988-08,K02000001,Price,Pence per litre,19.45
1988-09,K02000001,Price,Pence per litre,19.28
1988-10,K02000001,Price,Pence per litre,18.53
1988-11,K02000001,Price,Pence per litre,18.31
1988-12,K02000001,Price,Pence per litre,17.81
1989-01,K02000001,Price,Pence per litre,17.58
1989-02,K02000001,Price,Pence per litre,17.61
1989-03,K02000001,Price,Pence per litre,17.71
1989-04,K02000001,Price,Pence per litre,16.44
1989-05,K02000001,Price,Pence per litre,14.91
1989-06,K02000001,Price,Pence per litre,15.65
1989-07,K02000001,Price,Pence per litre,20.74
1989-08,K02000001,Price,Pence per litre,22.16
1989-09,K02000001,Price,Pence per litre,21.89
1989-10,K02000001,Price,Pence per litre,21.44
1989-11,K02000001,Price,Pence per litre,18.17
1989-12,K02000001,Price,Pence per litre,18.24
1990-01,K02000001,Price,Pence per litre,18.3
1990-02,K02000001,Price,Pence per litre,18.12
1990-03,K02000001,Price,Pence per litre,17.91
1990-04,K02000001,Price,Pence per litre,16.68
1990-05,K02000001,Price,Pence per litre,14.89
1990-06,K02000001,Price,Pence per litre,15.57
1990-07,K02000001,Price,Pence per litre,20.83
1990-08,K02000001,Price,Pence per litre,21.98
1990-09,K02000001,Price,Pence per litre,21.76
1990-10,K02000001,Price,Pence per litre,21.2
1990-11,K02000001,Price,Pence per litre,18.18
1990-12,K02000001,Price,Pence per litre,18.13
1991-01,K02000001,Price,Pence per litre,18.98
1991-02,K02000001,Price,Pence per litre,18.95
1991-03,K02000001,Price,Pence per litre,18.43
1991-04,K02000001,Price,Pence per litre,18.04
1991-05,K02000001,Price,Pence per litre,16.22
1991-06,K02000001,Price,Pence per litre,16.89
1991-07,K02000001,Price,Pence per litre,22.45
1991-08,K02000001,Price,Pence per litre,23.99
1991-09,K02000001,Price,Pence per litre,23.59
1991-10,K02000001,Price,Pence per litre,23.45
1991-11,K02000001,Price,Pence per litre,19.98
1991-12,K02000001,Price,Pence per litre,19.77
1992-01,K02000001,Price,Pence per litre,19.54
1992-02,K02000001,Price,Pence per litre,19.52
1992-03,K02000001,Price,Pence per litre,19.3
1992-04,K02000001,Price,Pence per litre,18.98
1992-05,K02000001,Price,Pence per litre,17.08
1992-06,K02000001,Price,Pence per litre,17.54
1992-07,K02000001,Price,Pence per litre,23.49
1992-08,K02000001,Price,Pence per litre,25.15
1992-09,K02000001,Price,Pence per litre,25.04
1992-10,K02000001,Price,Pence per litre,24.61
1992-11,K02000001,Price,Pence per litre,21.12
1992-12,K02000001,Price,Pence per litre,20.99
1993-01,K02000001,Price,Pence per litre,20.69
1993-02,K02000001,Price,Pence per litre,20.4
1993-03,K02000001,Price,Pence per litre,20.21
1993-04,K02000001,Price,Pence per litre,20
1993-05,K02000001,Price,Pence per litre,18.1
1993-06,K02000001,Price,Pence per litre,18.54
1993-07,K02000001,Price,Pence per litre,24.54
1993-08,K02000001,Price,Pence per litre,26.21
1993-09,K02000001,Price,Pence per litre,26.05
1993-10,K02000001,Price,Pence per litre,25.6
1993-11,K02000001,Price,Pence per litre,21.92
1993-12,K02000001,Price,Pence per litre,21.53
1994-01,K02000001,Price,Pence per litre,21.04
1994-02,K02000001,Price,Pence per litre,20.79
1994-03,K02000001,Price,Pence per litre,20.61
1994-04,K02000001,Price,Pence per litre,19.31
1994-04,K02000001,Butterfat,Percentage,4.08
1994-05,K02000001,Price,Pence per litre,18.92
1994-05,K02000001,Butterfat,Percentage,3.96
1994-06,K02000001,Price,Pence per litre,20.17
1994-06,K02000001,Butterfat,Percentage,3.89
1994-07,K02000001,Price,Pence per litre,24.06
1994-07,K02000001,Butterfat,Percentage,3.96
1994-08,K02000001,Price,Pence per litre,24.27
1994-08,K02000001,Butterfat,Percentage,4.01
1994-09,K02000001,Price,Pence per litre,24.22
1994-09,K02000001,Butterfat,Percentage,4.19
1994-10,K02000001,Price,Pence per litre,23.39
1994-10,K02000001,Butterfat,Percentage,4.23
1994-11,K03000001,Price,Pence per litre,24.34
1994-11,K03000001,Volume,Million litres,1102
1994-11,K03000001,Butterfat,Percentage,4.15
1994-11,K03000001,Protein,Percentage,3.26
1994-12,K03000001,Price,Pence per litre,24.09
1994-12,K03000001,Volume,Million litres,1131
1994-12,K03000001,Butterfat,Percentage,4.12
1994-12,K03000001,Protein,Percentage,3.21
1995-01,K02000001,Price,Pence per litre,23.81
1995-01,K02000001,Volume,Million litres,1114
1995-01,K02000001,Butterfat,Percentage,4.14
1995-01,K02000001,Protein,Percentage,3.16
1995-02,K02000001,Price,Pence per litre,23.59
1995-02,K02000001,Volume,Million litres,989
1995-02,K02000001,Butterfat,Percentage,4.08
1995-02,K02000001,Protein,Percentage,3.12
1995-03,K02000001,Price,Pence per litre,23.73
1995-03,K02000001,Volume,Million litres,1077
1995-03,K02000001,Butterfat,Percentage,4.12
1995-03,K02000001,Protein,Percentage,3.14
1995-04,K02000001,Price,Pence per litre,22.46
1995-04,K02000001,Volume,Million litres,1177
1995-04,K02000001,Butterfat,Percentage,4.07
1995-04,K02000001,Protein,Percentage,3.16
1995-05,K02000001,Price,Pence per litre,22.08
1995-05,K02000001,Volume,Million litres,1305
1995-05,K02000001,Butterfat,Percentage,3.92
1995-05,K02000001,Protein,Percentage,3.29
1995-06,K02000001,Price,Pence per litre,23.6
1995-06,K02000001,Volume,Million litres,1195
1995-06,K02000001,Butterfat,Percentage,3.95
1995-06,K02000001,Protein,Percentage,3.31
1995-07,K02000001,Price,Pence per litre,26.03
1995-07,K02000001,Volume,Million litres,1154
1995-07,K02000001,Butterfat,Percentage,3.92
1995-07,K02000001,Protein,Percentage,3.2
1995-08,K02000001,Price,Pence per litre,26.06
1995-08,K02000001,Volume,Million litres,1109
1995-08,K02000001,Butterfat,Percentage,3.92
1995-08,K02000001,Protein,Percentage,3.18
1995-09,K02000001,Price,Pence per litre,26.1
1995-09,K02000001,Volume,Million litres,1080
1995-09,K02000001,Butterfat,Percentage,4.07
1995-09,K02000001,Protein,Percentage,3.29
1995-10,K02000001,Price,Pence per litre,26.3
1995-10,K02000001,Volume,Million litres,1163
1995-10,K02000001,Butterfat,Percentage,4.15
1995-10,K02000001,Protein,Percentage,3.36
1995-11,K02000001,Price,Pence per litre,25.13
1995-11,K02000001,Volume,Million litres,1129
1995-11,K02000001,Butterfat,Percentage,4.17
1995-11,K02000001,Protein,Percentage,3.35
1995-12,K02000001,Price,Pence per litre,25.06
1995-12,K02000001,Volume,Million litres,1177
1995-12,K02000001,Butterfat,Percentage,4.15
1995-12,K02000001,Protein,Percentage,3.3
1996-01,K02000001,Price,Pence per litre,24.59
1996-01,K02000001,Volume,Million litres,1200
1996-01,K02000001,Butterfat,Percentage,4.11
1996-01,K02000001,Protein,Percentage,3.22
1996-02,K02000001,Price,Pence per litre,24.62
1996-02,K02000001,Volume,Million litres,1074
1996-02,K02000001,Butterfat,Percentage,4.13
1996-02,K02000001,Protein,Percentage,3.2
1996-03,K02000001,Price,Pence per litre,24.93
1996-03,K02000001,Volume,Million litres,1101
1996-03,K02000001,Butterfat,Percentage,4.13
1996-03,K02000001,Protein,Percentage,3.2
1996-04,K02000001,Price,Pence per litre,23.56
1996-04,K02000001,Volume,Million litres,1191
1996-04,K02000001,Butterfat,Percentage,4.09
1996-04,K02000001,Protein,Percentage,3.18
1996-05,K02000001,Price,Pence per litre,22.66
1996-05,K02000001,Volume,Million litres,1310
1996-05,K02000001,Butterfat,Percentage,3.98
1996-05,K02000001,Protein,Percentage,3.36
1996-06,K02000001,Price,Pence per litre,23.83
1996-06,K02000001,Volume,Million litres,1217
1996-06,K02000001,Butterfat,Percentage,3.94
1996-06,K02000001,Protein,Percentage,3.33
1996-07,K02000001,Price,Pence per litre,26.69
1996-07,K02000001,Volume,Million litres,1156
1996-07,K02000001,Butterfat,Percentage,3.97
1996-07,K02000001,Protein,Percentage,3.32
1996-08,K02000001,Price,Pence per litre,26.87
1996-08,K02000001,Volume,Million litres,1113
1996-08,K02000001,Butterfat,Percentage,4.03
1996-08,K02000001,Protein,Percentage,3.28
1996-09,K02000001,Price,Pence per litre,26.6
1996-09,K02000001,Volume,Million litres,1078
1996-09,K02000001,Butterfat,Percentage,4.07
1996-09,K02000001,Protein,Percentage,3.37
1996-10,K02000001,Price,Pence per litre,25.62
1996-10,K02000001,Volume,Million litres,1076
1996-10,K02000001,Butterfat,Percentage,4.17
1996-10,K02000001,Protein,Percentage,3.38
1996-11,K02000001,Price,Pence per litre,24.64
1996-11,K02000001,Volume,Million litres,1030
1996-11,K02000001,Butterfat,Percentage,4.19
1996-11,K02000001,Protein,Percentage,3.34
1996-12,K02000001,Price,Pence per litre,24.43
1996-12,K02000001,Volume,Million litres,1106
1996-12,K02000001,Butterfat,Percentage,4.22
1996-12,K02000001,Protein,Percentage,3.3
1997-01,K02000001,Price,Pence per litre,24.1
1997-01,K02000001,Volume,Million litres,1148
1997-01,K02000001,Butterfat,Percentage,4.17
1997-01,K02000001,Protein,Percentage,3.25
1997-02,K02000001,Price,Pence per litre,23.73
1997-02,K02000001,Volume,Million litres,1064
1997-02,K02000001,Butterfat,Percentage,4.12
1997-02,K02000001,Protein,Percentage,3.19
1997-03,K02000001,Price,Pence per litre,23.68
1997-03,K02000001,Volume,Million litres,1200
1997-03,K02000001,Butterfat,Percentage,4.08
1997-03,K02000001,Protein,Percentage,3.19
1997-04,K02000001,Price,Pence per litre,20.5
1997-04,K02000001,Volume,Million litres,1257
1997-04,K02000001,Butterfat,Percentage,4.06
1997-04,K02000001,Protein,Percentage,3.3
1997-05,K02000001,Price,Pence per litre,19.56
1997-05,K02000001,Volume,Million litres,1317
1997-05,K02000001,Butterfat,Percentage,4
1997-05,K02000001,Protein,Percentage,3.33
1997-06,K02000001,Price,Pence per litre,20.71
1997-06,K02000001,Volume,Million litres,1198
1997-06,K02000001,Butterfat,Percentage,3.98
1997-06,K02000001,Protein,Percentage,3.33
1997-07,K02000001,Price,Pence per litre,23.88
1997-07,K02000001,Volume,Million litres,1164
1997-07,K02000001,Butterfat,Percentage,3.97
1997-07,K02000001,Protein,Percentage,3.3
1997-08,K02000001,Price,Pence per litre,23.69
1997-08,K02000001,Volume,Million litres,1123
1997-08,K02000001,Butterfat,Percentage,3.97
1997-08,K02000001,Protein,Percentage,3.28
1997-09,K02000001,Price,Pence per litre,22.79
1997-09,K02000001,Volume,Million litres,1070
1997-09,K02000001,Butterfat,Percentage,4.06
1997-09,K02000001,Protein,Percentage,3.38
1997-10,K02000001,Price,Pence per litre,20.82
1997-10,K02000001,Volume,Million litres,1101
1997-10,K02000001,Butterfat,Percentage,4.16
1997-10,K02000001,Protein,Percentage,3.39
1997-11,K02000001,Price,Pence per litre,20.39
1997-11,K02000001,Volume,Million litres,1066
1997-11,K02000001,Butterfat,Percentage,4.17
1997-11,K02000001,Protein,Percentage,3.36
1997-12,K02000001,Price,Pence per litre,20.09
1997-12,K02000001,Volume,Million litres,1140
1997-12,K02000001,Butterfat,Percentage,4.13
1997-12,K02000001,Protein,Percentage,3.3
1998-01,K02000001,Price,Pence per litre,19.96
1998-01,K02000001,Volume,Million litres,1167
1998-01,K02000001,Butterfat,Percentage,4.12
1998-01,K02000001,Protein,Percentage,3.25
1998-02,K02000001,Price,Pence per litre,19.77
1998-02,K02000001,Volume,Million litres,1060
1998-02,K02000001,Butterfat,Percentage,4.09
1998-02,K02000001,Protein,Percentage,3.22
1998-03,K02000001,Price,Pence per litre,19.7
1998-03,K02000001,Volume,Million litres,1165
1998-03,K02000001,Butterfat,Percentage,4.1
1998-03,K02000001,Protein,Percentage,3.19
1998-04,K02000001,Price,Pence per litre,17.57
1998-04,K02000001,Volume,Million litres,1177
1998-04,K02000001,Butterfat,Percentage,4.14
1998-04,K02000001,Protein,Percentage,3.21
1998-05,K02000001,Price,Pence per litre,16.6
1998-05,K02000001,Volume,Million litres,1290
1998-05,K02000001,Butterfat,Percentage,3.99
1998-05,K02000001,Protein,Percentage,3.31
1998-06,K02000001,Price,Pence per litre,17.66
1998-06,K02000001,Volume,Million litres,1173
1998-06,K02000001,Butterfat,Percentage,4
1998-06,K02000001,Protein,Percentage,3.31
1998-07,K02000001,Price,Pence per litre,20.66
1998-07,K02000001,Volume,Million litres,1163
1998-07,K02000001,Butterfat,Percentage,3.95
1998-07,K02000001,Protein,Percentage,3.33
1998-08,K02000001,Price,Pence per litre,20.8
1998-08,K02000001,Volume,Million litres,1131
1998-08,K02000001,Butterfat,Percentage,3.97
1998-08,K02000001,Protein,Percentage,3.35
1998-09,K02000001,Price,Pence per litre,19.98
1998-09,K02000001,Volume,Million litres,1073
1998-09,K02000001,Butterfat,Percentage,4.07
1998-09,K02000001,Protein,Percentage,3.4
1998-10,K02000001,Price,Pence per litre,20.15
1998-10,K02000001,Volume,Million litres,1092
1998-10,K02000001,Butterfat,Percentage,4.15
1998-10,K02000001,Protein,Percentage,3.41
1998-11,K02000001,Price,Pence per litre,19.6
1998-11,K02000001,Volume,Million litres,1039
1998-11,K02000001,Butterfat,Percentage,4.15
1998-11,K02000001,Protein,Percentage,3.33
1998-12,K02000001,Price,Pence per litre,19.23
1998-12,K02000001,Volume,Million litres,1127
1998-12,K02000001,Butterfat,Percentage,4.12
1998-12,K02000001,Protein,Percentage,3.26
1999-01,K02000001,Price,Pence per litre,19.23
1999-01,K02000001,Volume,Million litres,1170
1999-01,K02000001,Butterfat,Percentage,4.08
1999-01,K02000001,Protein,Percentage,3.22
1999-02,K02000001,Price,Pence per litre,18.95
1999-02,K02000001,Volume,Million litres,1080
1999-02,K02000001,Butterfat,Percentage,4.07
1999-02,K02000001,Protein,Percentage,3.21
1999-03,K02000001,Price,Pence per litre,18.9
1999-03,K02000001,Volume,Million litres,1232
1999-03,K02000001,Butterfat,Percentage,4.06
1999-03,K02000001,Protein,Percentage,3.21
1999-04,K02000001,Price,Pence per litre,17.53
1999-04,K02000001,Volume,Million litres,1242
1999-04,K02000001,Butterfat,Percentage,4.06
1999-04,K02000001,Protein,Percentage,3.22
1999-05,K02000001,Price,Pence per litre,16.38
1999-05,K02000001,Volume,Million litres,1339
1999-05,K02000001,Butterfat,Percentage,3.92
1999-05,K02000001,Protein,Percentage,3.31
1999-06,K02000001,Price,Pence per litre,17.2
1999-06,K02000001,Volume,Million litres,1215
1999-06,K02000001,Butterfat,Percentage,3.9
1999-06,K02000001,Protein,Percentage,3.31
1999-07,K02000001,Price,Pence per litre,19.76
1999-07,K02000001,Volume,Million litres,1212
1999-07,K02000001,Butterfat,Percentage,3.88
1999-07,K02000001,Protein,Percentage,3.3
1999-08,K02000001,Price,Pence per litre,19.8
1999-08,K02000001,Volume,Million litres,1161
1999-08,K02000001,Butterfat,Percentage,3.94
1999-08,K02000001,Protein,Percentage,3.32
1999-09,K02000001,Price,Pence per litre,19.14
1999-09,K02000001,Volume,Million litres,1105
1999-09,K02000001,Butterfat,Percentage,4.02
1999-09,K02000001,Protein,Percentage,3.4
1999-10,K02000001,Price,Pence per litre,18.09
1999-10,K02000001,Volume,Million litres,1102
1999-10,K02000001,Butterfat,Percentage,4.15
1999-10,K02000001,Protein,Percentage,3.43
1999-11,K02000001,Price,Pence per litre,17.66
1999-11,K02000001,Volume,Million litres,1062
1999-11,K02000001,Butterfat,Percentage,4.17
1999-11,K02000001,Protein,Percentage,3.37
1999-12,K02000001,Price,Pence per litre,17.33
1999-12,K02000001,Volume,Million litres,1119
1999-12,K02000001,Butterfat,Percentage,4.14
1999-12,K02000001,Protein,Percentage,3.31
2000-01,K02000001,Price,Pence per litre,16.77
2000-01,K02000001,Volume,Million litres,1149
2000-01,K02000001,Butterfat,Percentage,4.08
2000-01,K02000001,Protein,Percentage,3.24
2000-02,K02000001,Price,Pence per litre,16.59
2000-02,K02000001,Volume,Million litres,1076
2000-02,K02000001,Butterfat,Percentage,4.04
2000-02,K02000001,Protein,Percentage,3.21
2000-03,K02000001,Price,Pence per litre,16.61
2000-03,K02000001,Volume,Million litres,1148
2000-03,K02000001,Butterfat,Percentage,4.03
2000-03,K02000001,Protein,Percentage,3.2
2000-04,K02000001,Price,Pence per litre,15.26
2000-04,K02000001,Volume,Million litres,1177
2000-04,K02000001,Butterfat,Percentage,4.06
2000-04,K02000001,Protein,Percentage,3.22
2000-05,K02000001,Price,Pence per litre,14.62
2000-05,K02000001,Volume,Million litres,1292
2000-05,K02000001,Butterfat,Percentage,3.91
2000-05,K02000001,Protein,Percentage,3.3
2000-06,K02000001,Price,Pence per litre,15.34
2000-06,K02000001,Volume,Million litres,1169
2000-06,K02000001,Butterfat,Percentage,3.9
2000-06,K02000001,Protein,Percentage,3.29
2000-07,K02000001,Price,Pence per litre,17.62
2000-07,K02000001,Volume,Million litres,1175
2000-07,K02000001,Butterfat,Percentage,3.86
2000-07,K02000001,Protein,Percentage,3.29
2000-08,K02000001,Price,Pence per litre,17.92
2000-08,K02000001,Volume,Million litres,1133
2000-08,K02000001,Butterfat,Percentage,3.92
2000-08,K02000001,Protein,Percentage,3.31
2000-09,K02000001,Price,Pence per litre,17.51
2000-09,K02000001,Volume,Million litres,1058
2000-09,K02000001,Butterfat,Percentage,4.04
2000-09,K02000001,Protein,Percentage,3.39
2000-10,K02000001,Price,Pence per litre,18.8
2000-10,K02000001,Volume,Million litres,1043
2000-10,K02000001,Butterfat,Percentage,4.15
2000-10,K02000001,Protein,Percentage,3.37
2000-11,K02000001,Price,Pence per litre,18.59
2000-11,K02000001,Volume,Million litres,1006
2000-11,K02000001,Butterfat,Percentage,4.16
2000-11,K02000001,Protein,Percentage,3.33
2000-12,K02000001,Price,Pence per litre,18.24
2000-12,K02000001,Volume,Million litres,1103
2000-12,K02000001,Butterfat,Percentage,4.08
2000-12,K02000001,Protein,Percentage,3.28
2001-01,K02000001,Price,Pence per litre,18.32
2001-01,K02000001,Volume,Million litres,1142
2001-01,K02000001,Butterfat,Percentage,4.06
2001-01,K02000001,Protein,Percentage,3.24
2001-02,K02000001,Price,Pence per litre,18.18
2001-02,K02000001,Volume,Million litres,1062
2001-02,K02000001,Butterfat,Percentage,4.02
2001-02,K02000001,Protein,Percentage,3.21
2001-03,K02000001,Price,Pence per litre,17.88
2001-03,K02000001,Volume,Million litres,1191
2001-03,K02000001,Butterfat,Percentage,4.06
2001-03,K02000001,Protein,Percentage,3.21
2001-04,K02000001,Price,Pence per litre,18.44
2001-04,K02000001,Volume,Million litres,1168
2001-04,K02000001,Butterfat,Percentage,4.05
2001-04,K02000001,Protein,Percentage,3.2
2001-05,K02000001,Price,Pence per litre,17.89
2001-05,K02000001,Volume,Million litres,1304
2001-05,K02000001,Butterfat,Percentage,3.85
2001-05,K02000001,Protein,Percentage,3.27
2001-06,K02000001,Price,Pence per litre,18.69
2001-06,K02000001,Volume,Million litres,1220
2001-06,K02000001,Butterfat,Percentage,3.84
2001-06,K02000001,Protein,Percentage,3.28
2001-07,K02000001,Price,Pence per litre,20.43
2001-07,K02000001,Volume,Million litres,1187
2001-07,K02000001,Butterfat,Percentage,3.86
2001-07,K02000001,Protein,Percentage,3.26
2001-08,K02000001,Price,Pence per litre,20.85
2001-08,K02000001,Volume,Million litres,1136
2001-08,K02000001,Butterfat,Percentage,3.9
2001-08,K02000001,Protein,Percentage,3.29
2001-09,K02000001,Price,Pence per litre,20.69
2001-09,K02000001,Volume,Million litres,1061
2001-09,K02000001,Butterfat,Percentage,4.01
2001-09,K02000001,Protein,Percentage,3.42
2001-10,K02000001,Price,Pence per litre,20.46
2001-10,K02000001,Volume,Million litres,1074
2001-10,K02000001,Butterfat,Percentage,4.11
2001-10,K02000001,Protein,Percentage,3.39
2001-11,K02000001,Price,Pence per litre,20.05
2001-11,K02000001,Volume,Million litres,1064
2001-11,K02000001,Butterfat,Percentage,4.12
2001-11,K02000001,Protein,Percentage,3.38
2001-12,K02000001,Price,Pence per litre,19.59
2001-12,K02000001,Volume,Million litres,1137
2001-12,K02000001,Butterfat,Percentage,4.11
2001-12,K02000001,Protein,Percentage,3.34
2002-01,K02000001,Price,Pence per litre,18.78
2002-01,K02000001,Volume,Million litres,1175
2002-01,K02000001,Butterfat,Percentage,4.07
2002-01,K02000001,Protein,Percentage,3.28
2002-02,K02000001,Price,Pence per litre,18.31
2002-02,K02000001,Volume,Million litres,1084
2002-02,K02000001,Butterfat,Percentage,4.03
2002-02,K02000001,Protein,Percentage,3.22
2002-03,K02000001,Price,Pence per litre,18
2002-03,K02000001,Volume,Million litres,1229
2002-03,K02000001,Butterfat,Percentage,4.05
2002-03,K02000001,Protein,Percentage,3.23
2002-04,K02000001,Price,Pence per litre,15.98
2002-04,K02000001,Volume,Million litres,1273
2002-04,K02000001,Butterfat,Percentage,3.99
2002-04,K02000001,Protein,Percentage,3.26
2002-05,K02000001,Price,Pence per litre,14.85
2002-05,K02000001,Volume,Million litres,1354
2002-05,K02000001,Butterfat,Percentage,3.89
2002-05,K02000001,Protein,Percentage,3.32
2002-06,K02000001,Price,Pence per litre,15.32
2002-06,K02000001,Volume,Million litres,1215
2002-06,K02000001,Butterfat,Percentage,3.89
2002-06,K02000001,Protein,Percentage,3.28
2002-07,K02000001,Price,Pence per litre,16.4
2002-07,K02000001,Volume,Million litres,1199
2002-07,K02000001,Butterfat,Percentage,3.84
2002-07,K02000001,Protein,Percentage,3.28
2002-08,K02000001,Price,Pence per litre,16.73
2002-08,K02000001,Volume,Million litres,1139
2002-08,K02000001,Butterfat,Percentage,3.86
2002-08,K02000001,Protein,Percentage,3.29
2002-09,K02000001,Price,Pence per litre,17.11
2002-09,K02000001,Volume,Million litres,1071
2002-09,K02000001,Butterfat,Percentage,3.95
2002-09,K02000001,Protein,Percentage,3.38
2002-10,K02000001,Price,Pence per litre,18.13
2002-10,K02000001,Volume,Million litres,1076
2002-10,K02000001,Butterfat,Percentage,4.08
2002-10,K02000001,Protein,Percentage,3.41
2002-11,K02000001,Price,Pence per litre,18.09
2002-11,K02000001,Volume,Million litres,1025
2002-11,K02000001,Butterfat,Percentage,4.12
2002-11,K02000001,Protein,Percentage,3.35
2002-12,K02000001,Price,Pence per litre,17.74
2002-12,K02000001,Volume,Million litres,1105
2002-12,K02000001,Butterfat,Percentage,4.08
2002-12,K02000001,Protein,Percentage,3.3
2003-01,K02000001,Price,Pence per litre,17.67
2003-01,K02000001,Volume,Million litres,1141
2003-01,K02000001,Butterfat,Percentage,4.02
2003-01,K02000001,Protein,Percentage,3.25
2003-02,K02000001,Price,Pence per litre,17.65
2003-02,K02000001,Volume,Million litres,1049
2003-02,K02000001,Butterfat,Percentage,4.02
2003-02,K02000001,Protein,Percentage,3.25
2003-03,K02000001,Price,Pence per litre,17.37
2003-03,K02000001,Volume,Million litres,1214
2003-03,K02000001,Butterfat,Percentage,3.98
2003-03,K02000001,Protein,Percentage,3.21
2003-04,K02000001,Price,Pence per litre,16.84
2003-04,K02000001,Volume,Million litres,1271
2003-04,K02000001,Butterfat,Percentage,3.89
2003-04,K02000001,Protein,Percentage,3.26
2003-05,K02000001,Price,Pence per litre,15.99
2003-05,K02000001,Volume,Million litres,1367
2003-05,K02000001,Butterfat,Percentage,3.82
2003-05,K02000001,Protein,Percentage,3.34
2003-06,K02000001,Price,Pence per litre,16.51
2003-06,K02000001,Volume,Million litres,1266
2003-06,K02000001,Butterfat,Percentage,3.79
2003-06,K02000001,Protein,Percentage,3.3
2003-07,K02000001,Price,Pence per litre,18.21
2003-07,K02000001,Volume,Million litres,1232
2003-07,K02000001,Butterfat,Percentage,3.83
2003-07,K02000001,Protein,Percentage,3.26
2003-08,K02000001,Price,Pence per litre,18.95
2003-08,K02000001,Volume,Million litres,1181
2003-08,K02000001,Butterfat,Percentage,3.87
2003-08,K02000001,Protein,Percentage,3.26
2003-09,K02000001,Price,Pence per litre,19.24
2003-09,K02000001,Volume,Million litres,1101
2003-09,K02000001,Butterfat,Percentage,4.02
2003-09,K02000001,Protein,Percentage,3.39
2003-10,K02000001,Price,Pence per litre,19.59
2003-10,K02000001,Volume,Million litres,1116
2003-10,K02000001,Butterfat,Percentage,4.14
2003-10,K02000001,Protein,Percentage,3.44
2003-11,K02000001,Price,Pence per litre,19.82
2003-11,K02000001,Volume,Million litres,1071
2003-11,K02000001,Butterfat,Percentage,4.18
2003-11,K02000001,Protein,Percentage,3.36
2003-12,K02000001,Price,Pence per litre,19.15
2003-12,K02000001,Volume,Million litres,1127
2003-12,K02000001,Butterfat,Percentage,4.11
2003-12,K02000001,Protein,Percentage,3.27
2004-01,K02000001,Price,Pence per litre,18.76
2004-01,K02000001,Volume,Million litres,1127
2004-01,K02000001,Butterfat,Percentage,4.02
2004-01,K02000001,Protein,Percentage,3.21
2004-02,K02000001,Price,Pence per litre,18.68
2004-02,K02000001,Volume,Million litres,1054
2004-02,K02000001,Butterfat,Percentage,4
2004-02,K02000001,Protein,Percentage,3.19
2004-03,K02000001,Price,Pence per litre,18.47
2004-03,K02000001,Volume,Million litres,1152
2004-03,K02000001,Butterfat,Percentage,4.05
2004-03,K02000001,Protein,Percentage,3.18
2004-04,K02000001,Price,Pence per litre,17.7
2004-04,K02000001,Volume,Million litres,1209
2004-04,K02000001,Butterfat,Percentage,4
2004-04,K02000001,Protein,Percentage,3.19
2004-05,K02000001,Price,Pence per litre,16.94
2004-05,K02000001,Volume,Million litres,1306
2004-05,K02000001,Butterfat,Percentage,3.81
2004-05,K02000001,Protein,Percentage,3.25
2004-06,K02000001,Price,Pence per litre,17.28
2004-06,K02000001,Volume,Million litres,1208
2004-06,K02000001,Butterfat,Percentage,3.81
2004-06,K02000001,Protein,Percentage,3.24
2004-07,K02000001,Price,Pence per litre,18.27
2004-07,K02000001,Volume,Million litres,1203
2004-07,K02000001,Butterfat,Percentage,3.87
2004-07,K02000001,Protein,Percentage,3.25
2004-08,K02000001,Price,Pence per litre,18.5
2004-08,K02000001,Volume,Million litres,1143
2004-08,K02000001,Butterfat,Percentage,3.89
2004-08,K02000001,Protein,Percentage,3.26
2004-09,K02000001,Price,Pence per litre,19.48
2004-09,K02000001,Volume,Million litres,1074
2004-09,K02000001,Butterfat,Percentage,4.05
2004-09,K02000001,Protein,Percentage,3.37
2004-10,K02000001,Price,Pence per litre,19.51
2004-10,K02000001,Volume,Million litres,1074
2004-10,K02000001,Butterfat,Percentage,4.16
2004-10,K02000001,Protein,Percentage,3.37
2004-11,K02000001,Price,Pence per litre,19.49
2004-11,K02000001,Volume,Million litres,1045
2004-11,K02000001,Butterfat,Percentage,4.15
2004-11,K02000001,Protein,Percentage,3.33
2004-12,K02000001,Price,Pence per litre,18.93
2004-12,K02000001,Volume,Million litres,1115
2004-12,K02000001,Butterfat,Percentage,4.11
2004-12,K02000001,Protein,Percentage,3.29
2005-01,K02000001,Price,Pence per litre,18.53
2005-01,K02000001,Volume,Million litres,1142
2005-01,K02000001,Butterfat,Percentage,4.1
2005-01,K02000001,Protein,Percentage,3.24
2005-02,K02000001,Price,Pence per litre,18.31
2005-02,K02000001,Volume,Million litres,1051
2005-02,K02000001,Butterfat,Percentage,4.08
2005-02,K02000001,Protein,Percentage,3.21
2005-03,K02000001,Price,Pence per litre,18.32
2005-03,K02000001,Volume,Million litres,1198
2005-03,K02000001,Butterfat,Percentage,4.1
2005-03,K02000001,Protein,Percentage,3.2
2005-04,K02000001,Price,Pence per litre,17.59
2005-04,K02000001,Volume,Million litres,1206
2005-04,K02000001,Butterfat,Percentage,4.02
2005-04,K02000001,Protein,Percentage,3.21
2005-05,K02000001,Price,Pence per litre,17.11
2005-05,K02000001,Volume,Million litres,1279
2005-05,K02000001,Butterfat,Percentage,3.87
2005-05,K02000001,Protein,Percentage,3.29
2005-06,K02000001,Price,Pence per litre,17.3
2005-06,K02000001,Volume,Million litres,1187
2005-06,K02000001,Butterfat,Percentage,3.86
2005-06,K02000001,Protein,Percentage,3.26
2005-07,K02000001,Price,Pence per litre,18.06
2005-07,K02000001,Volume,Million litres,1163
2005-07,K02000001,Butterfat,Percentage,3.9
2005-07,K02000001,Protein,Percentage,3.27
2005-08,K02000001,Price,Pence per litre,18.64
2005-08,K02000001,Volume,Million litres,1136
2005-08,K02000001,Butterfat,Percentage,3.93
2005-08,K02000001,Protein,Percentage,3.3
2005-09,K02000001,Price,Pence per litre,19.46
2005-09,K02000001,Volume,Million litres,1067
2005-09,K02000001,Butterfat,Percentage,4.04
2005-09,K02000001,Protein,Percentage,3.33
2005-10,K02000001,Price,Pence per litre,19.71
2005-10,K02000001,Volume,Million litres,1077
2005-10,K02000001,Butterfat,Percentage,4.11
2005-10,K02000001,Protein,Percentage,3.36
2005-11,K02000001,Price,Pence per litre,19.76
2005-11,K02000001,Volume,Million litres,1030
2005-11,K02000001,Butterfat,Percentage,4.16
2005-11,K02000001,Protein,Percentage,3.34
2005-12,K02000001,Price,Pence per litre,19.26
2005-12,K02000001,Volume,Million litres,1098
2005-12,K02000001,Butterfat,Percentage,4.15
2005-12,K02000001,Protein,Percentage,3.31
2006-01,K02000001,Price,Pence per litre,18.65
2006-01,K02000001,Volume,Million litres,1134
2006-01,K02000001,Butterfat,Percentage,4.1
2006-01,K02000001,Protein,Percentage,3.25
2006-02,K02000001,Price,Pence per litre,18.34
2006-02,K02000001,Volume,Million litres,1045
2006-02,K02000001,Butterfat,Percentage,4.06
2006-02,K02000001,Protein,Percentage,3.23
2006-03,K02000001,Price,Pence per litre,18.11
2006-03,K02000001,Volume,Million litres,1178
2006-03,K02000001,Butterfat,Percentage,4.1
2006-03,K02000001,Protein,Percentage,3.23
2006-04,K02000001,Price,Pence per litre,17.34
2006-04,K02000001,Volume,Million litres,1191
2006-04,K02000001,Butterfat,Percentage,4.09
2006-04,K02000001,Protein,Percentage,3.21
2006-05,K02000001,Price,Pence per litre,16.82
2006-05,K02000001,Volume,Million litres,1275
2006-05,K02000001,Butterfat,Percentage,3.93
2006-05,K02000001,Protein,Percentage,3.24
2006-06,K02000001,Price,Pence per litre,16.83
2006-06,K02000001,Volume,Million litres,1178
2006-06,K02000001,Butterfat,Percentage,3.83
2006-06,K02000001,Protein,Percentage,3.23
2006-07,K02000001,Price,Pence per litre,17.18
2006-07,K02000001,Volume,Million litres,1155
2006-07,K02000001,Butterfat,Percentage,3.84
2006-07,K02000001,Protein,Percentage,3.19
2006-08,K02000001,Price,Pence per litre,17.6
2006-08,K02000001,Volume,Million litres,1103
2006-08,K02000001,Butterfat,Percentage,3.97
2006-08,K02000001,Protein,Percentage,3.24
2006-09,K02000001,Price,Pence per litre,18.45
2006-09,K02000001,Volume,Million litres,1059
2006-09,K02000001,Butterfat,Percentage,4.06
2006-09,K02000001,Protein,Percentage,3.35
2006-10,K02000001,Price,Pence per litre,18.82
2006-10,K02000001,Volume,Million litres,1072
2006-10,K02000001,Butterfat,Percentage,4.13
2006-10,K02000001,Protein,Percentage,3.38
2006-11,K02000001,Price,Pence per litre,19
2006-11,K02000001,Volume,Million litres,1032
2006-11,K02000001,Butterfat,Percentage,4.17
2006-11,K02000001,Protein,Percentage,3.38
2006-12,K02000001,Price,Pence per litre,18.57
2006-12,K02000001,Volume,Million litres,1095
2006-12,K02000001,Butterfat,Percentage,4.19
2006-12,K02000001,Protein,Percentage,3.34
2007-01,K02000001,Price,Pence per litre,18.03
2007-01,K02000001,Volume,Million litres,1130
2007-01,K02000001,Butterfat,Percentage,4.13
2007-01,K02000001,Protein,Percentage,3.28
2007-02,K02000001,Price,Pence per litre,17.81
2007-02,K02000001,Volume,Million litres,1020
2007-02,K02000001,Butterfat,Percentage,4.08
2007-02,K02000001,Protein,Percentage,3.25
2007-03,K02000001,Price,Pence per litre,17.68
2007-03,K02000001,Volume,Million litres,1170
2007-03,K02000001,Butterfat,Percentage,4.1
2007-03,K02000001,Protein,Percentage,3.25
2007-04,K02000001,Price,Pence per litre,17.55
2007-04,K02000001,Volume,Million litres,1204
2007-04,K02000001,Butterfat,Percentage,4.02
2007-04,K02000001,Protein,Percentage,3.27
2007-05,K02000001,Price,Pence per litre,17.53
2007-05,K02000001,Volume,Million litres,1258
2007-05,K02000001,Butterfat,Percentage,3.92
2007-05,K02000001,Protein,Percentage,3.33
2007-06,K02000001,Price,Pence per litre,18.08
2007-06,K02000001,Volume,Million litres,1147
2007-06,K02000001,Butterfat,Percentage,3.89
2007-06,K02000001,Protein,Percentage,3.28
2007-07,K02000001,Price,Pence per litre,19.65
2007-07,K02000001,Volume,Million litres,1098
2007-07,K02000001,Butterfat,Percentage,3.93
2007-07,K02000001,Protein,Percentage,3.26
2007-08,K02000001,Price,Pence per litre,20.71
2007-08,K02000001,Volume,Million litres,1074
2007-08,K02000001,Butterfat,Percentage,3.97
2007-08,K02000001,Protein,Percentage,3.31
2007-09,K02000001,Price,Pence per litre,23.14
2007-09,K02000001,Volume,Million litres,1027
2007-09,K02000001,Butterfat,Percentage,4.06
2007-09,K02000001,Protein,Percentage,3.39
2007-10,K02000001,Price,Pence per litre,26.51
2007-10,K02000001,Volume,Million litres,1042
2007-10,K02000001,Butterfat,Percentage,4.17
2007-10,K02000001,Protein,Percentage,3.42
2007-11,K02000001,Price,Pence per litre,27.27
2007-11,K02000001,Volume,Million litres,1014
2007-11,K02000001,Butterfat,Percentage,4.23
2007-11,K02000001,Protein,Percentage,3.39
2007-12,K02000001,Price,Pence per litre,26.6
2007-12,K02000001,Volume,Million litres,1069
2007-12,K02000001,Butterfat,Percentage,4.2
2007-12,K02000001,Protein,Percentage,3.32
2008-01,K02000001,Price,Pence per litre,25.81
2008-01,K02000001,Volume,Million litres,1101
2008-01,K02000001,Butterfat,Percentage,4.13
2008-01,K02000001,Protein,Percentage,3.25
2008-02,K02000001,Price,Pence per litre,25.62
2008-02,K02000001,Volume,Million litres,1044
2008-02,K02000001,Butterfat,Percentage,4.1
2008-02,K02000001,Protein,Percentage,3.22
2008-03,K02000001,Price,Pence per litre,25.73
2008-03,K02000001,Volume,Million litres,1137
2008-03,K02000001,Butterfat,Percentage,4.13
2008-03,K02000001,Protein,Percentage,3.25
2008-04,K02000001,Price,Pence per litre,24.95
2008-04,K02000001,Volume,Million litres,1139
2008-04,K02000001,Butterfat,Percentage,4.09
2008-04,K02000001,Protein,Percentage,3.26
2008-05,K02000001,Price,Pence per litre,24.49
2008-05,K02000001,Volume,Million litres,1226
2008-05,K02000001,Butterfat,Percentage,3.9
2008-05,K02000001,Protein,Percentage,3.26
2008-06,K02000001,Price,Pence per litre,25
2008-06,K02000001,Volume,Million litres,1127
2008-06,K02000001,Butterfat,Percentage,3.92
2008-06,K02000001,Protein,Percentage,3.25
2008-07,K02000001,Price,Pence per litre,25.82
2008-07,K02000001,Volume,Million litres,1115
2008-07,K02000001,Butterfat,Percentage,3.87
2008-07,K02000001,Protein,Percentage,3.25
2008-08,K02000001,Price,Pence per litre,26.29
2008-08,K02000001,Volume,Million litres,1057
2008-08,K02000001,Butterfat,Percentage,4.02
2008-08,K02000001,Protein,Percentage,3.29
2008-09,K02000001,Price,Pence per litre,27
2008-09,K02000001,Volume,Million litres,973
2008-09,K02000001,Butterfat,Percentage,4.11
2008-09,K02000001,Protein,Percentage,3.35
2008-10,K02000001,Price,Pence per litre,27.36
2008-10,K02000001,Volume,Million litres,1015
2008-10,K02000001,Butterfat,Percentage,4.16
2008-10,K02000001,Protein,Percentage,3.36
2008-11,K02000001,Price,Pence per litre,27.08
2008-11,K02000001,Volume,Million litres,983
2008-11,K02000001,Butterfat,Percentage,4.19
2008-11,K02000001,Protein,Percentage,3.36
2008-12,K02000001,Price,Pence per litre,26.36
2008-12,K02000001,Volume,Million litres,1048
2008-12,K02000001,Butterfat,Percentage,4.19
2008-12,K02000001,Protein,Percentage,3.32
2009-01,K02000001,Price,Pence per litre,25.56
2009-01,K02000001,Volume,Million litres,1071
2009-01,K02000001,Butterfat,Percentage,4.14
2009-01,K02000001,Protein,Percentage,3.27
2009-02,K02000001,Price,Pence per litre,24.68
2009-02,K02000001,Volume,Million litres,981
2009-02,K02000001,Butterfat,Percentage,4.12
2009-02,K02000001,Protein,Percentage,3.23
2009-03,K02000001,Price,Pence per litre,24.37
2009-03,K02000001,Volume,Million litres,1122
2009-03,K02000001,Butterfat,Percentage,4.1
2009-03,K02000001,Protein,Percentage,3.21
2009-04,K02000001,Price,Pence per litre,23.25
2009-04,K02000001,Volume,Million litres,1144
2009-04,K02000001,Butterfat,Percentage,4.04
2009-04,K02000001,Protein,Percentage,3.23
2009-05,K02000001,Price,Pence per litre,20.6
2009-05,K02000001,Volume,Million litres,1203
2009-05,K02000001,Butterfat,Percentage,3.93
2009-05,K02000001,Protein,Percentage,3.26
2009-06,K02000001,Price,Pence per litre,22.4
2009-06,K02000001,Volume,Million litres,1130
2009-06,K02000001,Butterfat,Percentage,3.78
2009-06,K02000001,Protein,Percentage,3.24
2009-07,K02000001,Price,Pence per litre,22.99
2009-07,K02000001,Volume,Million litres,1101
2009-07,K02000001,Butterfat,Percentage,3.83
2009-07,K02000001,Protein,Percentage,3.22
2009-08,K02000001,Price,Pence per litre,23.26
2009-08,K02000001,Volume,Million litres,1053
2009-08,K02000001,Butterfat,Percentage,3.9
2009-08,K02000001,Protein,Percentage,3.26
2009-09,K02000001,Price,Pence per litre,24.05
2009-09,K02000001,Volume,Million litres,994
2009-09,K02000001,Butterfat,Percentage,4
2009-09,K02000001,Protein,Percentage,3.32
2009-10,K02000001,Price,Pence per litre,24.44
2009-10,K02000001,Volume,Million litres,1024
2009-10,K02000001,Butterfat,Percentage,4.04
2009-10,K02000001,Protein,Percentage,3.36
2009-11,K02000001,Price,Pence per litre,24.87
2009-11,K02000001,Volume,Million litres,985
2009-11,K02000001,Butterfat,Percentage,4.08
2009-11,K02000001,Protein,Percentage,3.34
2009-12,K02000001,Price,Pence per litre,24.7
2009-12,K02000001,Volume,Million litres,1047
2009-12,K02000001,Butterfat,Percentage,4.1
2009-12,K02000001,Protein,Percentage,3.32
2010-01,K02000001,Price,Pence per litre,24.67
2010-01,K02000001,Volume,Million litres,1051
2010-01,K02000001,Butterfat,Percentage,4.11
2010-01,K02000001,Protein,Percentage,3.3
2010-02,K02000001,Price,Pence per litre,24.19
2010-02,K02000001,Volume,Million litres,978
2010-02,K02000001,Butterfat,Percentage,4.07
2010-02,K02000001,Protein,Percentage,3.26
2010-03,K02000001,Price,Pence per litre,24.1
2010-03,K02000001,Volume,Million litres,1116
2010-03,K02000001,Butterfat,Percentage,4.04
2010-03,K02000001,Protein,Percentage,3.24
2010-04,K02000001,Price,Pence per litre,23.57
2010-04,K02000001,Volume,Million litres,1133
2010-04,K02000001,Butterfat,Percentage,3.94
2010-04,K02000001,Protein,Percentage,3.23
2010-05,K02000001,Price,Pence per litre,23.64
2010-05,K02000001,Volume,Million litres,1243
2010-05,K02000001,Butterfat,Percentage,3.8
2010-05,K02000001,Protein,Percentage,3.27
2010-06,K02000001,Price,Pence per litre,23.85
2010-06,K02000001,Volume,Million litres,1179
2010-06,K02000001,Butterfat,Percentage,3.76
2010-06,K02000001,Protein,Percentage,3.25
2010-07,K02000001,Price,Pence per litre,24.29
2010-07,K02000001,Volume,Million litres,1141
2010-07,K02000001,Butterfat,Percentage,3.82
2010-07,K02000001,Protein,Percentage,3.22
2010-08,K02000001,Price,Pence per litre,24.7
2010-08,K02000001,Volume,Million litres,1109
2010-08,K02000001,Butterfat,Percentage,3.85
2010-08,K02000001,Protein,Percentage,3.25
2010-09,K02000001,Price,Pence per litre,25.25
2010-09,K02000001,Volume,Million litres,1065
2010-09,K02000001,Butterfat,Percentage,3.92
2010-09,K02000001,Protein,Percentage,3.33
2010-10,K02000001,Price,Pence per litre,25.8
2010-10,K02000001,Volume,Million litres,1076
2010-10,K02000001,Butterfat,Percentage,4.03
2010-10,K02000001,Protein,Percentage,3.36
2010-11,K02000001,Price,Pence per litre,26.17
2010-11,K02000001,Volume,Million litres,1028
2010-11,K02000001,Butterfat,Percentage,4.11
2010-11,K02000001,Protein,Percentage,3.36
2010-12,K02000001,Price,Pence per litre,25.99
2010-12,K02000001,Volume,Million litres,1072
2010-12,K02000001,Butterfat,Percentage,4.15
2010-12,K02000001,Protein,Percentage,3.37
2011-01,K02000001,Price,Pence per litre,25.78
2011-01,K02000001,Volume,Million litres,1096
2011-01,K02000001,Butterfat,Percentage,4.03
2011-01,K02000001,Protein,Percentage,3.28
2011-02,K02000001,Price,Pence per litre,26.08
2011-02,K02000001,Volume,Million litres,1023
2011-02,K02000001,Butterfat,Percentage,3.99
2011-02,K02000001,Protein,Percentage,3.25
2011-03,K02000001,Price,Pence per litre,26.56
2011-03,K02000001,Volume,Million litres,1167
2011-03,K02000001,Butterfat,Percentage,4.08
2011-03,K02000001,Protein,Percentage,3.24
2011-04,K02000001,Price,Pence per litre,26.41
2011-04,K02000001,Volume,Million litres,1191
2011-04,K02000001,Butterfat,Percentage,4.02
2011-04,K02000001,Protein,Percentage,3.22
2011-05,K02000001,Price,Pence per litre,26.38
2011-05,K02000001,Volume,Million litres,1253
2011-05,K02000001,Butterfat,Percentage,3.9
2011-05,K02000001,Protein,Percentage,3.24
2011-06,K02000001,Price,Pence per litre,26.62
2011-06,K02000001,Volume,Million litres,1172
2011-06,K02000001,Butterfat,Percentage,3.94
2011-06,K02000001,Protein,Percentage,3.23
2011-07,K02000001,Price,Pence per litre,27.21
2011-07,K02000001,Volume,Million litres,1161
2011-07,K02000001,Butterfat,Percentage,3.92
2011-07,K02000001,Protein,Percentage,3.23
2011-08,K02000001,Price,Pence per litre,27.59
2011-08,K02000001,Volume,Million litres,1105
2011-08,K02000001,Butterfat,Percentage,4
2011-08,K02000001,Protein,Percentage,3.26
2011-09,K02000001,Price,Pence per litre,28.13
2011-09,K02000001,Volume,Million litres,1042
2011-09,K02000001,Butterfat,Percentage,4.1
2011-09,K02000001,Protein,Percentage,3.31
2011-10,K02000001,Price,Pence per litre,29.09
2011-10,K02000001,Volume,Million litres,1062
2011-10,K02000001,Butterfat,Percentage,4.13
2011-10,K02000001,Protein,Percentage,3.32
2011-11,K02000001,Price,Pence per litre,29.45
2011-11,K02000001,Volume,Million litres,1035
2011-11,K02000001,Butterfat,Percentage,4.18
2011-11,K02000001,Protein,Percentage,3.33
2011-12,K02000001,Price,Pence per litre,29.33
2011-12,K02000001,Volume,Million litres,1098
2011-12,K02000001,Butterfat,Percentage,4.2
2011-12,K02000001,Protein,Percentage,3.31
2012-01,K02000001,Price,Pence per litre,28.97
2012-01,K02000001,Volume,Million litres,1118
2012-01,K02000001,Butterfat,Percentage,4.14
2012-01,K02000001,Protein,Percentage,3.27
2012-02,K02000001,Price,Pence per litre,28.93
2012-02,K02000001,Volume,Million litres,1057
2012-02,K02000001,Butterfat,Percentage,4.13
2012-02,K02000001,Protein,Percentage,3.26
2012-03,K02000001,Price,Pence per litre,28.65
2012-03,K02000001,Volume,Million litres,1198
2012-03,K02000001,Butterfat,Percentage,4.1
2012-03,K02000001,Protein,Percentage,3.24
2012-04,K02000001,Price,Pence per litre,27.83
2012-04,K02000001,Volume,Million litres,1204
2012-04,K02000001,Butterfat,Percentage,4.06
2012-04,K02000001,Protein,Percentage,3.27
2012-05,K02000001,Price,Pence per litre,26.94
2012-05,K02000001,Volume,Million litres,1252
2012-05,K02000001,Butterfat,Percentage,3.97
2012-05,K02000001,Protein,Percentage,3.24
2012-06,K02000001,Price,Pence per litre,26.12
2012-06,K02000001,Volume,Million litres,1186
2012-06,K02000001,Butterfat,Percentage,3.93
2012-06,K02000001,Protein,Percentage,3.22
2012-07,K02000001,Price,Pence per litre,26.32
2012-07,K02000001,Volume,Million litres,1116
2012-07,K02000001,Butterfat,Percentage,3.94
2012-07,K02000001,Protein,Percentage,3.2
2012-08,K02000001,Price,Pence per litre,26.58
2012-08,K02000001,Volume,Million litres,1063
2012-08,K02000001,Butterfat,Percentage,4
2012-08,K02000001,Protein,Percentage,3.22
2012-09,K02000001,Price,Pence per litre,27.5
2012-09,K02000001,Volume,Million litres,997
2012-09,K02000001,Butterfat,Percentage,4.11
2012-09,K02000001,Protein,Percentage,3.29
2012-10,K02000001,Price,Pence per litre,29.1
2012-10,K02000001,Volume,Million litres,994
2012-10,K02000001,Butterfat,Percentage,4.19
2012-10,K02000001,Protein,Percentage,3.33
2012-11,K02000001,Price,Pence per litre,30.03
2012-11,K02000001,Volume,Million litres,974
2012-11,K02000001,Butterfat,Percentage,4.2
2012-11,K02000001,Protein,Percentage,3.34
2012-12,K02000001,Price,Pence per litre,30.12
2012-12,K02000001,Volume,Million litres,1039
2012-12,K02000001,Butterfat,Percentage,4.18
2012-12,K02000001,Protein,Percentage,3.3
2013-01,K02000001,Price,Pence per litre,30.03
2013-01,K02000001,Volume,Million litres,1059
2013-01,K02000001,Butterfat,Percentage,4.11
2013-01,K02000001,Protein,Percentage,3.23
2013-02,K02000001,Price,Pence per litre,30.07
2013-02,K02000001,Volume,Million litres,978
2013-02,K02000001,Butterfat,Percentage,4.13
2013-02,K02000001,Protein,Percentage,3.23
2013-03,K02000001,Price,Pence per litre,30.07
2013-03,K02000001,Volume,Million litres,1112
2013-03,K02000001,Butterfat,Percentage,4.13
2013-03,K02000001,Protein,Percentage,3.23
2013-04,K02000001,Price,Pence per litre,30.09
2013-04,K02000001,Volume,Million litres,1112
2013-04,K02000001,Butterfat,Percentage,4.1
2013-04,K02000001,Protein,Percentage,3.21
2013-05,K02000001,Price,Pence per litre,29.96
2013-05,K02000001,Volume,Million litres,1234
2013-05,K02000001,Butterfat,Percentage,3.91
2013-05,K02000001,Protein,Percentage,3.22
2013-06,K02000001,Price,Pence per litre,30.71
2013-06,K02000001,Volume,Million litres,1177
2013-06,K02000001,Butterfat,Percentage,3.84
2013-06,K02000001,Protein,Percentage,3.21
2013-07,K02000001,Price,Pence per litre,31.36
2013-07,K02000001,Volume,Million litres,1144
2013-07,K02000001,Butterfat,Percentage,3.82
2013-07,K02000001,Protein,Percentage,3.19
2013-08,K02000001,Price,Pence per litre,32.06
2013-08,K02000001,Volume,Million litres,1116
2013-08,K02000001,Butterfat,Percentage,3.92
2013-08,K02000001,Protein,Percentage,3.23
2013-09,K02000001,Price,Pence per litre,32.96
2013-09,K02000001,Volume,Million litres,1063
2013-09,K02000001,Butterfat,Percentage,4.06
2013-09,K02000001,Protein,Percentage,3.33
2013-10,K02000001,Price,Pence per litre,33.59
2013-10,K02000001,Volume,Million litres,1088
2013-10,K02000001,Butterfat,Percentage,4.08
2013-10,K02000001,Protein,Percentage,3.32
2013-11,K02000001,Price,Pence per litre,34.52
2013-11,K02000001,Volume,Million litres,1067
2013-11,K02000001,Butterfat,Percentage,4.18
2013-11,K02000001,Protein,Percentage,3.35
2013-12,K02000001,Price,Pence per litre,34.22
2013-12,K02000001,Volume,Million litres,1144
2013-12,K02000001,Butterfat,Percentage,4.12
2013-12,K02000001,Protein,Percentage,3.33
2014-01,K02000001,Price,Pence per litre,33.87
2014-01,K02000001,Volume,Million litres,1179
2014-01,K02000001,Butterfat,Percentage,4.07
2014-01,K02000001,Protein,Percentage,3.29
2014-02,K02000001,Price,Pence per litre,33.96
2014-02,K02000001,Volume,Million litres,1099
2014-02,K02000001,Butterfat,Percentage,4.07
2014-02,K02000001,Protein,Percentage,3.27
2014-03,K02000001,Price,Pence per litre,33.71
2014-03,K02000001,Volume,Million litres,1257
2014-03,K02000001,Butterfat,Percentage,4.06
2014-03,K02000001,Protein,Percentage,3.26
2014-04,K02000001,Price,Pence per litre,33.3
2014-04,K02000001,Volume,Million litres,1279
2014-04,K02000001,Butterfat,Percentage,4.01
2014-04,K02000001,Protein,Percentage,3.27
2014-05,K02000001,Price,Pence per litre,32.28
2014-05,K02000001,Volume,Million litres,1333
2014-05,K02000001,Butterfat,Percentage,3.9
2014-05,K02000001,Protein,Percentage,3.25
2014-06,K02000001,Price,Pence per litre,31.72
2014-06,K02000001,Volume,Million litres,1241
2014-06,K02000001,Butterfat,Percentage,3.84
2014-06,K02000001,Protein,Percentage,3.24
2014-07,K02000001,Price,Pence per litre,31.6
2014-07,K02000001,Volume,Million litres,1225
2014-07,K02000001,Butterfat,Percentage,3.84
2014-07,K02000001,Protein,Percentage,3.23
2014-08,K02000001,Price,Pence per litre,31.13
2014-08,K02000001,Volume,Million litres,1178
2014-08,K02000001,Butterfat,Percentage,3.92
2014-08,K02000001,Protein,Percentage,3.27
2014-09,K02000001,Price,Pence per litre,30.79
2014-09,K02000001,Volume,Million litres,1147
2014-09,K02000001,Butterfat,Percentage,3.97
2014-09,K02000001,Protein,Percentage,3.33
2014-10,K02000001,Price,Pence per litre,29.75
2014-10,K02000001,Volume,Million litres,1157
2014-10,K02000001,Butterfat,Percentage,4.08
2014-10,K02000001,Protein,Percentage,3.34
2014-11,K02000001,Price,Pence per litre,28.83
2014-11,K02000001,Volume,Million litres,1120
2014-11,K02000001,Butterfat,Percentage,4.11
2014-11,K02000001,Protein,Percentage,3.33
2014-12,K02000001,Price,Pence per litre,27.68
2014-12,K02000001,Volume,Million litres,1156
2014-12,K02000001,Butterfat,Percentage,4.1
2014-12,K02000001,Protein,Percentage,3.31
2015-01,K02000001,Price,Pence per litre,26.46
2015-01,K02000001,Volume,Million litres,1194
2015-01,K02000001,Butterfat,Percentage,4.07
2015-01,K02000001,Protein,Percentage,3.28
2015-02,K02000001,Price,Pence per litre,26.06
2015-02,K02000001,Volume,Million litres,1101
2015-02,K02000001,Butterfat,Percentage,4.09
2015-02,K02000001,Protein,Percentage,3.27
2015-03,K02000001,Price,Pence per litre,25.05
2015-03,K02000001,Volume,Million litres,1262
2015-03,K02000001,Butterfat,Percentage,4.1
2015-03,K02000001,Protein,Percentage,3.28
2015-04,K02000001,Price,Pence per litre,24.69
2015-04,K02000001,Volume,Million litres,1293
2015-04,K02000001,Butterfat,Percentage,4.02
2015-04,K02000001,Protein,Percentage,3.29
2015-05,K02000001,Price,Pence per litre,24.14
2015-05,K02000001,Volume,Million litres,1380
2015-05,K02000001,Butterfat,Percentage,3.91
2015-05,K02000001,Protein,Percentage,3.31
2015-06,K02000001,Price,Pence per litre,23.83
2015-06,K02000001,Volume,Million litres,1302
2015-06,K02000001,Butterfat,Percentage,3.9
2015-06,K02000001,Protein,Percentage,3.3
2015-07,K02000001,Price,Pence per litre,23.63
2015-07,K02000001,Volume,Million litres,1267
2015-07,K02000001,Butterfat,Percentage,3.83
2015-07,K02000001,Protein,Percentage,3.31
2015-08,K02000001,Price,Pence per litre,23.43
2015-08,K02000001,Volume,Million litres,1211
2015-08,K02000001,Butterfat,Percentage,3.99
2015-08,K02000001,Protein,Percentage,3.31
2015-09,K02000001,Price,Pence per litre,23.8
2015-09,K02000001,Volume,Million litres,1166
2015-09,K02000001,Butterfat,Percentage,4.03
2015-09,K02000001,Protein,Percentage,3.44
2015-10,K02000001,Price,Pence per litre,24.5
2015-10,K02000001,Volume,Million litres,1204
2015-10,K02000001,Butterfat,Percentage,4.12
2015-10,K02000001,Protein,Percentage,3.41
2015-11,K02000001,Price,Pence per litre,24.24
2015-11,K02000001,Volume,Million litres,1164
2015-11,K02000001,Butterfat,Percentage,4.15
2015-11,K02000001,Protein,Percentage,3.36
2015-12,K02000001,Price,Pence per litre,23.97
2015-12,K02000001,Volume,Million litres,1210
2015-12,K02000001,Butterfat,Percentage,4.13
2015-12,K02000001,Protein,Percentage,3.32
2016-01,K02000001,Price,Pence per litre,23.16
2016-01,K02000001,Volume,Million litres,1225
2016-01,K02000001,Butterfat,Percentage,4.15
2016-01,K02000001,Protein,Percentage,3.28
2016-02,K02000001,Price,Pence per litre,23.01
2016-02,K02000001,Volume,Million litres,1148
2016-02,K02000001,Butterfat,Percentage,4.18
2016-02,K02000001,Protein,Percentage,3.28
2016-03,K02000001,Price,Pence per litre,22.44
2016-03,K02000001,Volume,Million litres,1260
2016-03,K02000001,Butterfat,Percentage,4.2
2016-03,K02000001,Protein,Percentage,3.29
2016-04,K02000001,Price,Pence per litre,21.64
2016-04,K02000001,Volume,Million litres,1251
2016-04,K02000001,Butterfat,Percentage,4.16
2016-04,K02000001,Protein,Percentage,3.27
2016-05,K02000001,Price,Pence per litre,20.44
2016-05,K02000001,Volume,Million litres,1321
2016-05,K02000001,Butterfat,Percentage,3.99
2016-05,K02000001,Protein,Percentage,3.28
2016-06,K02000001,Price,Pence per litre,19.95
2016-06,K02000001,Volume,Million litres,1208
2016-06,K02000001,Butterfat,Percentage,3.94
2016-06,K02000001,Protein,Percentage,3.23
2016-07,K02000001,Price,Pence per litre,20.8
2016-07,K02000001,Volume,Million litres,1165
2016-07,K02000001,Butterfat,Percentage,3.94
2016-07,K02000001,Protein,Percentage,3.22
2016-08,K02000001,Price,Pence per litre,21.47
2016-08,K02000001,Volume,Million litres,1126
2016-08,K02000001,Butterfat,Percentage,3.98
2016-08,K02000001,Protein,Percentage,3.25
2016-09,K02000001,Price,Pence per litre,22.7
2016-09,K02000001,Volume,Million litres,1078
2016-09,K02000001,Butterfat,Percentage,4.09
2016-09,K02000001,Protein,Percentage,3.32
2016-10,K02000001,Price,Pence per litre,24.2
2016-10,K02000001,Volume,Million litres,1109
2016-10,K02000001,Butterfat,Percentage,4.18
2016-10,K02000001,Protein,Percentage,3.38
2016-11,K02000001,Price,Pence per litre,25.54
2016-11,K02000001,Volume,Million litres,1078
2016-11,K02000001,Butterfat,Percentage,4.25
2016-11,K02000001,Protein,Percentage,3.39
2016-12,K02000001,Price,Pence per litre,26.22
2016-12,K02000001,Volume,Million litres,1154
2016-12,K02000001,Butterfat,Percentage,4.19
2016-12,K02000001,Protein,Percentage,3.36
2017-01,K02000001,Price,Pence per litre,26.95
2017-01,K02000001,Volume,Million litres,1216
2017-01,K02000001,Butterfat,Percentage,4.12
2017-01,K02000001,Protein,Percentage,3.28
2017-02,K02000001,Price,Pence per litre,27.47
2017-02,K02000001,Volume,Million litres,1118
2017-02,K02000001,Butterfat,Percentage,4.13
2017-02,K02000001,Protein,Percentage,3.27
2017-03,K02000001,Price,Pence per litre,27.48
2017-03,K02000001,Volume,Million litres,1284
2017-03,K02000001,Butterfat,Percentage,4.12
2017-03,K02000001,Protein,Percentage,3.26
2017-04,K02000001,Price,Pence per litre,26.93
2017-04,K02000001,Volume,Million litres,1297
2017-04,K02000001,Butterfat,Percentage,4.06
2017-04,K02000001,Protein,Percentage,3.29
2017-05,K02000001,Price,Pence per litre,26.77
2017-05,K02000001,Volume,Million litres,1363
2017-05,K02000001,Butterfat,Percentage,3.95
2017-05,K02000001,Protein,Percentage,3.29
2017-06,K02000001,Price,Pence per litre,26.76
2017-06,K02000001,Volume,Million litres,1266
2017-06,K02000001,Butterfat,Percentage,3.93
2017-06,K02000001,Protein,Percentage,3.24
2017-07,K02000001,Price,Pence per litre,27.88
2017-07,K02000001,Volume,Million litres,1222
2017-07,K02000001,Butterfat,Percentage,3.93
2017-07,K02000001,Protein,Percentage,3.24
2017-08,K02000001,Price,Pence per litre,29.07
2017-08,K02000001,Volume,Million litres,1205
2017-08,K02000001,Butterfat,Percentage,4.01
2017-08,K02000001,Protein,Percentage,3.31
2017-09,K02000001,Price,Pence per litre,30.45
2017-09,K02000001,Volume,Million litres,1156
2017-09,K02000001,Butterfat,Percentage,4.13
2017-09,K02000001,Protein,Percentage,3.39
2017-10,K02000001,Price,Pence per litre,31.81
2017-10,K02000001,Volume,Million litres,1191
2017-10,K02000001,Butterfat,Percentage,4.18
2017-10,K02000001,Protein,Percentage,3.38
2017-11,K02000001,Price,Pence per litre,31.95
2017-11,K02000001,Volume,Million litres,1171
2017-11,K02000001,Butterfat,Percentage,4.19
2017-11,K02000001,Protein,Percentage,3.38
2017-12,K02000001,Price,Pence per litre,31.62
2017-12,K02000001,Volume,Million litres,1219
2017-12,K02000001,Butterfat,Percentage,4.2
2017-12,K02000001,Protein,Percentage,3.37
2018-01,K02000001,Price,Pence per litre,30.36
2018-01,K02000001,Volume,Million litres,1234
2018-01,K02000001,Butterfat,Percentage,4.16
2018-01,K02000001,Protein,Percentage,3.32
2018-02,K02000001,Price,Pence per litre,29.41
2018-02,K02000001,Volume,Million litres,1127
2018-02,K02000001,Butterfat,Percentage,4.17
2018-02,K02000001,Protein,Percentage,3.32
2018-03,K02000001,Price,Pence per litre,28.49
2018-03,K02000001,Volume,Million litres,1268
2018-03,K02000001,Butterfat,Percentage,4.21
2018-03,K02000001,Protein,Percentage,3.32
2018-04,K02000001,Price,Pence per litre,27.4
2018-04,K02000001,Volume,Million litres,1285
2018-04,K02000001,Butterfat,Percentage,4.13
2018-04,K02000001,Protein,Percentage,3.27
2018-05,K02000001,Price,Pence per litre,26.79
2018-05,K02000001,Volume,Million litres,1372
2018-05,K02000001,Butterfat,Percentage,3.97
2018-05,K02000001,Protein,Percentage,3.27
2018-06,K02000001,Price,Pence per litre,27.18
2018-06,K02000001,Volume,Million litres,1269
2018-06,K02000001,Butterfat,Percentage,3.9
2018-06,K02000001,Protein,Percentage,3.23
2018-07,K02000001,Price,Pence per litre,28.55
2018-07,K02000001,Volume,Million litres,1230
2018-07,K02000001,Butterfat,Percentage,3.89
2018-07,K02000001,Protein,Percentage,3.21
2018-08,K02000001,Price,Pence per litre,29.67
2018-08,K02000001,Volume,Million litres,1196
2018-08,K02000001,Butterfat,Percentage,3.98
2018-08,K02000001,Protein,Percentage,3.28
2018-09,K02000001,Price,Pence per litre,30.6
2018-09,K02000001,Volume,Million litres,1154
2018-09,K02000001,Butterfat,Percentage,4.09
2018-09,K02000001,Protein,Percentage,3.4
2018-10,K02000001,Price,Pence per litre,31.44
2018-10,K02000001,Volume,Million litres,1200
2018-10,K02000001,Butterfat,Percentage,4.17
2018-10,K02000001,Protein,Percentage,3.44
2018-11,K02000001,Price,Pence per litre,31.6
2018-11,K02000001,Volume,Million litres,1174
2018-11,K02000001,Butterfat,Percentage,4.2
2018-11,K02000001,Protein,Percentage,3.44
2018-12,K02000001,Price,Pence per litre,30.42
2018-12,K02000001,Volume,Million litres,1241
2018-12,K02000001,Butterfat,Percentage,4.15
2018-12,K02000001,Protein,Percentage,3.37
2019-01,K02000001,Price,Pence per litre,29.61
2019-01,K02000001,Volume,Million litres,1266
2019-01,K02000001,Butterfat,Percentage,4.09
2019-01,K02000001,Protein,Percentage,3.33
2019-02,K02000001,Price,Pence per litre,29.35
2019-02,K02000001,Volume,Million litres,1156
2019-02,K02000001,Butterfat,Percentage,4.1
2019-02,K02000001,Protein,Percentage,3.34
2019-03,K02000001,Price,Pence per litre,28.91
2019-03,K02000001,Volume,Million litres,1329
2019-03,K02000001,Butterfat,Percentage,4.12
2019-03,K02000001,Protein,Percentage,3.33
2019-04,K02000001,Price,Pence per litre,28.23
2019-04,K02000001,Volume,Million litres,1339
2019-04,K02000001,Butterfat,Percentage,4.05
2019-04,K02000001,Protein,Percentage,3.36
2019-05,K02000001,Price,Pence per litre,27.84
2019-05,K02000001,Volume,Million litres,1395
2019-05,K02000001,Butterfat,Percentage,3.96
2019-05,K02000001,Protein,Percentage,3.36
2019-06,K02000001,Price,Pence per litre,27.99
2019-06,K02000001,Volume,Million litres,1288
2019-06,K02000001,Butterfat,Percentage,3.98
2019-06,K02000001,Protein,Percentage,3.33
2019-07,K02000001,Price,Pence per litre,28.37
2019-07,K02000001,Volume,Million litres,1266
2019-07,K02000001,Butterfat,Percentage,3.96
2019-07,K02000001,Protein,Percentage,3.3
2019-08,K02000001,Price,Pence per litre,28.62
2019-08,K02000001,Volume,Million litres,1206
2019-08,K02000001,Butterfat,Percentage,4.03
2019-08,K02000001,Protein,Percentage,3.31
2019-09,K02000001,Price,Pence per litre,29.21
2019-09,K02000001,Volume,Million litres,1157
2019-09,K02000001,Butterfat,Percentage,4.14
2019-09,K02000001,Protein,Percentage,3.41
2019-10,K02000001,Price,Pence per litre,29.4
2019-10,K02000001,Volume,Million litres,1192
2019-10,K02000001,Butterfat,Percentage,4.24
2019-10,K02000001,Protein,Percentage,3.44
2019-11,K02000001,Price,Pence per litre,29.87
2019-11,K02000001,Volume,Million litres,1163
2019-11,K02000001,Butterfat,Percentage,4.31
2019-11,K02000001,Protein,Percentage,3.47
2019-12,K02000001,Price,Pence per litre,29.41
2019-12,K02000001,Volume,Million litres,1226
2019-12,K02000001,Butterfat,Percentage,4.26
2019-12,K02000001,Protein,Percentage,3.41
2020-01,K02000001,Price,Pence per litre,28.82
2020-01,K02000001,Volume,Million litres,1246
2020-01,K02000001,Butterfat,Percentage,4.17
2020-01,K02000001,Protein,Percentage,3.36
2020-02,K02000001,Price,Pence per litre,28.71
2020-02,K02000001,Volume,Million litres,1179
2020-02,K02000001,Butterfat,Percentage,4.19
2020-02,K02000001,Protein,Percentage,3.37
2020-03,K02000001,Price,Pence per litre,28.57
2020-03,K02000001,Volume,Million litres,1305
2020-03,K02000001,Butterfat,Percentage,4.22
2020-03,K02000001,Protein,Percentage,3.36
2020-04,K02000001,Price,Pence per litre,27.35
2020-04,K02000001,Volume,Million litres,1326
2020-04,K02000001,Butterfat,Percentage,4.11
2020-04,K02000001,Protein,Percentage,3.32
2020-05,K02000001,Price,Pence per litre,26.68
2020-05,K02000001,Volume,Million litres,1382
2020-05,K02000001,Butterfat,Percentage,3.99
2020-05,K02000001,Protein,Percentage,3.31
2020-06,K02000001,Price,Pence per litre,26.89
2020-06,K02000001,Volume,Million litres,1290
2020-06,K02000001,Butterfat,Percentage,3.99
2020-06,K02000001,Protein,Percentage,3.27